-- MariaDB dump 10.19  Distrib 10.4.32-MariaDB, for Win64 (AMD64)
--
-- Host: 127.0.0.1    Database: prototype
-- ------------------------------------------------------
-- Server version	10.4.32-MariaDB

/*!40101 SET @OLD_CHARACTER_SET_CLIENT=@@CHARACTER_SET_CLIENT */;
/*!40101 SET @OLD_CHARACTER_SET_RESULTS=@@CHARACTER_SET_RESULTS */;
/*!40101 SET @OLD_COLLATION_CONNECTION=@@COLLATION_CONNECTION */;
/*!40101 SET NAMES utf8mb4 */;
/*!40103 SET @OLD_TIME_ZONE=@@TIME_ZONE */;
/*!40103 SET TIME_ZONE='+00:00' */;
/*!40014 SET @OLD_UNIQUE_CHECKS=@@UNIQUE_CHECKS, UNIQUE_CHECKS=0 */;
/*!40014 SET @OLD_FOREIGN_KEY_CHECKS=@@FOREIGN_KEY_CHECKS, FOREIGN_KEY_CHECKS=0 */;
/*!40101 SET @OLD_SQL_MODE=@@SQL_MODE, SQL_MODE='NO_AUTO_VALUE_ON_ZERO' */;
/*!40111 SET @OLD_SQL_NOTES=@@SQL_NOTES, SQL_NOTES=0 */;

--
-- Table structure for table `cars`
--

DROP TABLE IF EXISTS `cars`;
/*!40101 SET @saved_cs_client     = @@character_set_client */;
/*!40101 SET character_set_client = utf8 */;
CREATE TABLE `cars` (
  `id` bigint(20) unsigned NOT NULL AUTO_INCREMENT,
  `name` text NOT NULL,
  `created_at` timestamp NULL DEFAULT NULL,
  `updated_at` timestamp NULL DEFAULT NULL,
  PRIMARY KEY (`id`)
) ENGINE=InnoDB AUTO_INCREMENT=137 DEFAULT CHARSET=utf8mb4 COLLATE=utf8mb4_unicode_ci;
/*!40101 SET character_set_client = @saved_cs_client */;

--
-- Dumping data for table `cars`
--

LOCK TABLES `cars` WRITE;
/*!40000 ALTER TABLE `cars` DISABLE KEYS */;
INSERT INTO `cars` VALUES (1,'Toyota Avanza',NULL,NULL),(2,'Toyota Kijang Innova',NULL,NULL),(3,'Toyota Rush',NULL,NULL),(4,'Toyota Fortuner',NULL,NULL),(5,'Toyota Yaris',NULL,NULL),(6,'Toyota',NULL,NULL),(7,'Honda Brio',NULL,NULL),(8,'Honda HR-V',NULL,NULL),(9,'Honda CR-V',NULL,NULL),(10,'Honda City',NULL,NULL),(11,'Honda Jazz',NULL,NULL),(12,'Honda Mobilio',NULL,NULL),(13,'Honda',NULL,NULL),(14,'Suzuki Ertiga',NULL,NULL),(15,'Suzuki XL7',NULL,NULL),(16,'Suzuki Ignis',NULL,NULL),(17,'Suzuki Carry',NULL,NULL),(18,'Suzuki APV',NULL,NULL),(19,'Suzuki',NULL,NULL),(20,'Daihatsu Terios',NULL,NULL),(21,'Daihatsu Xenia',NULL,NULL),(22,'Daihatsu Sigra',NULL,NULL),(23,'Daihatsu Ayla',NULL,NULL),(24,'Daihatsu Gran Max',NULL,NULL),(25,'Daihatsu',NULL,NULL),(26,'Mitsubishi Xpander',NULL,NULL),(27,'Mitsubishi Pajero',NULL,NULL),(28,'Mitsubishi Outlander',NULL,NULL),(29,'Mitsubishi Triton',NULL,NULL),(30,'Mitsubishi Mirage',NULL,NULL),(31,'Mitsubishi',NULL,NULL),(32,'Nissan Livina',NULL,NULL),(33,'Nissan Terra',NULL,NULL),(34,'Nissan X-Trail',NULL,NULL),(35,'Nissan Navara',NULL,NULL),(36,'Nissan March',NULL,NULL),(37,'Nissan',NULL,NULL),(38,'Mazda CX-5',NULL,NULL),(39,'Mazda 2',NULL,NULL),(40,'Mazda CX-30',NULL,NULL),(41,'Mazda CX-3',NULL,NULL),(42,'Mazda',NULL,NULL),(43,'Hyundai Creta',NULL,NULL),(44,'Hyundai Venue',NULL,NULL),(45,'Hyundai Santa Fe',NULL,NULL),(46,'Hyundai Kona',NULL,NULL),(47,'Hyundai i20',NULL,NULL),(48,'Hyundai',NULL,NULL),(49,'BMW X1',NULL,NULL),(50,'BMW X3',NULL,NULL),(51,'BMW X5',NULL,NULL),(52,'BMW 3 Series',NULL,NULL),(53,'BMW 5 Series',NULL,NULL),(54,'BMW',NULL,NULL),(55,'Mercedes-Benz GLA',NULL,NULL),(56,'Mercedes-Benz A-Class',NULL,NULL),(57,'Mercedes-Benz C-Class',NULL,NULL),(58,'Mercedes-Benz E-Class',NULL,NULL),(59,'Mercedes-Benz GLC',NULL,NULL),(60,'Mercedez',NULL,NULL),(61,'Audi Q3',NULL,NULL),(62,'Audi Q5',NULL,NULL),(63,'Audi A3',NULL,NULL),(64,'Audi A4',NULL,NULL),(65,'Audi A6',NULL,NULL),(66,'Audi',NULL,NULL),(67,'Toyota Agya',NULL,NULL),(68,'Lainnya',NULL,NULL),(69,'Mitsubishi Pajero Sport','2024-03-01 23:48:28','2024-03-01 23:48:28'),(70,'Volkswagen Golf','2024-03-01 23:48:28','2024-03-01 23:48:28'),(71,'Volkswagen Tiguan','2024-03-01 23:48:28','2024-03-01 23:48:28'),(72,'Volkswagen Touran','2024-03-01 23:48:28','2024-03-01 23:48:28'),(73,'Volkswagen Passat','2024-03-01 23:48:28','2024-03-01 23:48:28'),(74,'Volkswagen Tiguan Allspace','2024-03-01 23:48:28','2024-03-01 23:48:28'),(75,'Volkswagen Teramont','2024-03-01 23:48:28','2024-03-01 23:48:28'),(76,'Volkswagen Polo','2024-03-01 23:48:28','2024-03-01 23:48:28'),(77,'Volkswagen Jetta','2024-03-01 23:48:28','2024-03-01 23:48:28'),(78,'Volkswagen Arteon','2024-03-01 23:48:29','2024-03-01 23:48:29'),(79,'Volkswagen Sharan','2024-03-01 23:48:29','2024-03-01 23:48:29'),(80,'Volkswagen Touareg','2024-03-01 23:48:29','2024-03-01 23:48:29'),(81,'Volkswagen Beetle','2024-03-01 23:48:29','2024-03-01 23:48:29'),(82,'Toyota Alphard',NULL,NULL),(83,'Chevrolet','2024-03-08 23:33:10','2024-03-08 23:33:10'),(84,'Chevrolet Aveo','2024-03-08 23:33:11','2024-03-08 23:33:11'),(85,'Chevrolet  Orlando','2024-03-08 23:33:11','2024-03-08 23:33:11'),(86,'Chevrolet Cruze','2024-03-08 23:33:11','2024-03-08 23:33:11'),(87,'Chevrolet Trax','2024-03-08 23:33:11','2024-03-08 23:33:11'),(88,'Chevrolet Captiva','2024-03-08 23:33:11','2024-03-08 23:33:11'),(89,'Chevrolet Spin','2024-03-08 23:33:11','2024-03-08 23:33:11'),(90,'Chevrolet Colorado','2024-03-08 23:33:11','2024-03-08 23:33:11'),(91,'Chevrolet Trailblazer','2024-03-08 23:33:11','2024-03-08 23:33:11'),(92,'Honda BR-V','2024-03-08 23:34:19','2024-03-08 23:34:19'),(93,'Toyota Innova','2024-03-11 23:19:52','2024-03-11 23:19:52'),(94,'Daihatsu Luxio','2024-03-13 18:51:51','2024-03-13 18:51:51'),(98,'Nissan Serena','2024-03-21 21:21:42','2024-03-21 21:21:42'),(99,'HILUX 2016','2024-03-22 23:57:52','2024-03-22 23:57:52'),(100,'Toyota Calya','2024-03-27 02:09:16','2024-03-27 02:09:16'),(101,'Land Rover Defender','2024-03-29 21:51:29','2024-03-29 21:51:29'),(102,'Land Rover Discovery','2024-03-29 21:51:30','2024-03-29 21:51:30'),(103,'Land Rover Discovery Sport','2024-03-29 21:51:30','2024-03-29 21:51:30'),(104,'Land Rover Range Rover','2024-03-29 21:51:30','2024-03-29 21:51:30'),(105,'Land Rover Range Rover Evoque','2024-03-29 21:51:30','2024-03-29 21:51:30'),(106,'Land Rover Range Rover Sport','2024-03-29 21:51:30','2024-03-29 21:51:30'),(107,'Land Rover Range Rover Velar','2024-03-29 21:51:30','2024-03-29 21:51:30'),(108,'Toyota Voxy','2024-04-01 02:13:51','2024-04-01 02:13:51'),(109,'Volkswagen','2024-04-01 02:17:13','2024-04-01 02:17:13'),(110,'Wuling','2024-04-05 01:24:14','2024-04-05 01:24:14'),(111,'March','2024-04-14 20:02:05','2024-04-14 20:02:05'),(112,'Hyundai Starex','2024-04-14 20:06:12','2024-04-14 20:06:12'),(113,'Isuzu Panther','2024-04-15 19:59:22','2024-04-15 19:59:22'),(114,'Chevrolet Captiva','2024-04-15 20:08:13','2024-04-15 20:08:13'),(115,'Volvo','2024-04-22 00:09:20','2024-04-22 00:09:20'),(116,'Honda WR-V','2024-04-24 20:25:52','2024-04-24 20:25:52'),(117,'Mazda CX-9','2024-04-29 19:16:50','2024-04-29 19:16:50'),(118,'Toyota Camry','2024-05-13 00:29:39','2024-05-13 00:29:39'),(119,'Honda Accord','2024-05-13 00:33:41','2024-05-13 00:33:41'),(120,'Toyota Kijang','2024-05-13 00:36:12','2024-05-13 00:36:12'),(121,'Hyundai Ioniq','2024-05-13 00:48:49','2024-05-13 00:48:49'),(122,'Hyundai Stargazer','2024-05-15 23:28:06','2024-05-15 23:28:06'),(123,'KIA Sportage','2024-05-18 00:36:52','2024-05-18 00:36:52'),(124,'KIA Sonet','2024-05-21 02:32:30','2024-05-21 02:32:30'),(125,'Toyota Sienta','2024-05-27 01:52:21','2024-05-27 01:52:21'),(135,'Toyota Raize','2024-06-03 02:14:44','2024-06-03 02:14:44'),(136,'Toyota Corolla','2024-06-14 02:35:26','2024-06-14 02:35:26');
/*!40000 ALTER TABLE `cars` ENABLE KEYS */;
UNLOCK TABLES;

--
-- Table structure for table `failed_jobs`
--

DROP TABLE IF EXISTS `failed_jobs`;
/*!40101 SET @saved_cs_client     = @@character_set_client */;
/*!40101 SET character_set_client = utf8 */;
CREATE TABLE `failed_jobs` (
  `id` bigint(20) unsigned NOT NULL AUTO_INCREMENT,
  `uuid` varchar(255) NOT NULL,
  `connection` text NOT NULL,
  `queue` text NOT NULL,
  `payload` longtext NOT NULL,
  `exception` longtext NOT NULL,
  `failed_at` timestamp NOT NULL DEFAULT current_timestamp(),
  PRIMARY KEY (`id`),
  UNIQUE KEY `failed_jobs_uuid_unique` (`uuid`)
) ENGINE=InnoDB DEFAULT CHARSET=utf8mb4 COLLATE=utf8mb4_unicode_ci;
/*!40101 SET character_set_client = @saved_cs_client */;

--
-- Dumping data for table `failed_jobs`
--

LOCK TABLES `failed_jobs` WRITE;
/*!40000 ALTER TABLE `failed_jobs` DISABLE KEYS */;
/*!40000 ALTER TABLE `failed_jobs` ENABLE KEYS */;
UNLOCK TABLES;

--
-- Table structure for table `insurances`
--

DROP TABLE IF EXISTS `insurances`;
/*!40101 SET @saved_cs_client     = @@character_set_client */;
/*!40101 SET character_set_client = utf8 */;
CREATE TABLE `insurances` (
  `id` bigint(20) unsigned NOT NULL AUTO_INCREMENT,
  `name` text NOT NULL,
  `created_at` timestamp NULL DEFAULT NULL,
  `updated_at` timestamp NULL DEFAULT NULL,
  PRIMARY KEY (`id`)
) ENGINE=InnoDB AUTO_INCREMENT=90 DEFAULT CHARSET=utf8mb4 COLLATE=utf8mb4_unicode_ci;
/*!40101 SET character_set_client = @saved_cs_client */;

--
-- Dumping data for table `insurances`
--

LOCK TABLES `insurances` WRITE;
/*!40000 ALTER TABLE `insurances` DISABLE KEYS */;
INSERT INTO `insurances` VALUES (1,'Etiqa / Asoka',NULL,NULL),(2,'Harta Aman Pratama',NULL,NULL),(3,'Multi Artha Guna',NULL,NULL),(4,'Great Eastern General Insurance',NULL,NULL),(5,'Asuransi Wahana Tata',NULL,NULL),(6,'Rama Satria Wibawa',NULL,NULL),(7,'Sonwelis Takaful',NULL,NULL),(8,'Sunday Insurance Indonesia',NULL,NULL),(9,'Untuk Semua',NULL,NULL),(10,'Avrist General Insurance',NULL,NULL),(11,'Bintang',NULL,NULL),(12,'Chubb General Insurance Indonesia',NULL,NULL),(13,'FPG',NULL,NULL),(14,'Intra Asia',NULL,NULL),(15,'LIPPO',NULL,NULL),(16,'Malacca',NULL,NULL),(17,'MPM / Mitra Pelindung Mustika',NULL,NULL),(18,'MNC Insurance',NULL,NULL),(19,'China Taiping Insurance Indonesia',NULL,NULL),(20,'Purna Artanugraha (ASPANI)',NULL,NULL),(21,'Sinar Mas',NULL,NULL),(22,'Sompo Japan Nipponika',NULL,NULL),(23,'Takaful Umum',NULL,NULL),(24,'Tripakarta',NULL,NULL),(25,'Tugu Pratama',NULL,NULL),(26,'Victoria',NULL,NULL),(27,'Zurich',NULL,NULL),(28,'lainnya',NULL,NULL),(83,'KSK','2024-05-10 02:16:50','2024-05-10 02:16:50'),(89,'Asuransi Untuk Semua','2024-05-30 19:18:57','2024-05-30 19:18:57');
/*!40000 ALTER TABLE `insurances` ENABLE KEYS */;
UNLOCK TABLES;

--
-- Table structure for table `items`
--

DROP TABLE IF EXISTS `items`;
/*!40101 SET @saved_cs_client     = @@character_set_client */;
/*!40101 SET character_set_client = utf8 */;
CREATE TABLE `items` (
  `id` bigint(20) unsigned NOT NULL AUTO_INCREMENT,
  `date` date NOT NULL,
  `itemName` text NOT NULL,
  `name` text DEFAULT NULL,
  `qty` decimal(8,2) NOT NULL,
  `created_at` timestamp NULL DEFAULT NULL,
  `updated_at` timestamp NULL DEFAULT NULL,
  PRIMARY KEY (`id`)
) ENGINE=InnoDB AUTO_INCREMENT=48 DEFAULT CHARSET=utf8mb4 COLLATE=utf8mb4_unicode_ci;
/*!40101 SET character_set_client = @saved_cs_client */;

--
-- Dumping data for table `items`
--

LOCK TABLES `items` WRITE;
/*!40000 ALTER TABLE `items` DISABLE KEYS */;
INSERT INTO `items` VALUES (1,'2024-01-13','thinner reducer',NULL,3.00,'2024-03-13 21:43:43','2024-03-13 21:43:43'),(2,'2024-01-16','thinner reducer','yadi',-1.00,'2024-03-13 21:44:02','2024-03-13 21:44:02'),(3,'2024-01-19','thinner reducer','yadi',-1.00,'2024-03-13 23:05:07','2024-03-13 23:05:07'),(5,'2024-01-24','thinner reducer','andreas',4.00,'2024-03-13 23:06:00','2024-03-13 23:06:00'),(6,'2024-01-23','thinner reducer','yadi',-1.00,'2024-03-13 23:06:49','2024-03-13 23:06:49'),(7,'2024-01-26','thinner reducer','yadi',-1.00,'2024-03-13 23:08:11','2024-03-13 23:08:11'),(8,'2024-01-31','thinner reducer','yadi',-1.00,'2024-03-13 23:08:35','2024-03-13 23:08:35'),(9,'2024-02-02','thinner reducer','yadi',-1.00,'2024-03-13 23:08:59','2024-03-13 23:08:59'),(11,'2024-02-20','thinner reducer','andreas',4.00,'2024-03-13 23:09:50','2024-03-13 23:09:50'),(12,'2024-02-22','thinner reducer','yadi',-1.00,'2024-03-13 23:10:18','2024-03-13 23:10:18'),(13,'2024-02-26','thinner reducer','yadi',-1.00,'2024-03-13 23:10:35','2024-03-13 23:10:35'),(14,'2024-02-28','thinner reducer','yadi',-1.00,'2024-03-13 23:10:46','2024-03-13 23:10:46'),(15,'2024-03-02','thinner reducer','yadi',-1.00,'2024-03-13 23:10:57','2024-03-13 23:10:57'),(16,'2024-03-04','thinner reducer','andreas',4.00,'2024-03-13 23:11:16','2024-03-13 23:11:16'),(17,'2024-03-05','thinner reducer','yadi',-1.00,'2024-03-13 23:11:29','2024-03-13 23:11:29'),(18,'2024-03-08','thinner reducer','yadi',-1.00,'2024-03-13 23:11:44','2024-03-13 23:11:44'),(19,'2024-03-13','thinner reducer','yadi',-1.00,'2024-03-13 23:11:55','2024-03-13 23:11:55'),(20,'2024-01-13','thinner a',NULL,1.00,'2024-03-13 23:40:56','2024-03-13 23:40:56'),(22,'2024-01-02','slow',NULL,1.00,'2024-03-13 23:53:24','2024-03-13 23:53:24'),(27,'2024-02-19','slow','yadi',-1.00,'2024-03-14 01:13:38','2024-03-14 01:13:38'),(28,'2024-01-02','extra slow',NULL,1.00,NULL,NULL),(29,'2024-02-15','extra slow','yadi',-1.00,'2024-03-14 02:06:02','2024-03-14 02:06:02'),(30,'2024-03-14','thinner','gian',2.00,NULL,NULL),(31,'2024-03-04','degriser','andreas',1.00,NULL,NULL),(33,'2024-02-03','Compound 2500','stok',15.00,'2024-03-14 18:56:24','2024-03-14 18:56:24'),(34,'2024-02-12','Compound 2500',NULL,-2.00,'2024-03-14 18:56:49','2024-03-14 18:56:49'),(35,'2024-02-17','Compound 2500',NULL,-5.00,'2024-03-14 18:57:16','2024-03-14 18:57:16'),(36,'2024-03-02','Compound 2500',NULL,-5.00,'2024-03-14 18:57:38','2024-03-14 18:57:38'),(37,'2024-03-09','Compound 2500',NULL,-1.00,'2024-03-14 18:58:05','2024-03-14 18:58:05'),(38,'2024-02-07','thinner reducer','yadi',-1.00,'2024-03-14 19:07:45','2024-03-14 19:07:45'),(39,'2024-03-02','Rubbing','stok',11.00,'2024-03-14 19:12:37','2024-03-14 19:12:37'),(40,'2024-03-09','Rubbing',NULL,-1.00,'2024-03-14 19:12:59','2024-03-14 19:12:59'),(41,'2024-03-15','Compound 2500','Rendy moji',12.00,'2024-03-15 00:31:12','2024-03-15 00:31:12'),(42,'2024-03-15','Compound 2500',NULL,-2.00,'2024-03-17 18:57:02','2024-03-17 18:57:02'),(43,'2024-03-19','thinner a','soleh',-1.00,'2024-03-19 02:04:24','2024-03-19 02:04:24'),(44,'2024-03-16','thinner reducer','yadi',-1.00,'2024-03-19 02:04:52','2024-03-19 02:04:52'),(45,'2024-03-19','thinner','yadi',-1.00,'2024-03-21 19:20:16','2024-03-21 19:20:16'),(46,'2024-03-22','thinner','yadi',-1.00,'2024-03-21 19:20:29','2024-03-21 19:20:29'),(47,'2024-03-16','degriser','yadi',-1.00,'2024-03-21 19:20:46','2024-03-21 19:20:46');
/*!40000 ALTER TABLE `items` ENABLE KEYS */;
UNLOCK TABLES;

--
-- Table structure for table `locations`
--

DROP TABLE IF EXISTS `locations`;
/*!40101 SET @saved_cs_client     = @@character_set_client */;
/*!40101 SET character_set_client = utf8 */;
CREATE TABLE `locations` (
  `id` bigint(20) unsigned NOT NULL AUTO_INCREMENT,
  `name` text NOT NULL,
  `created_at` timestamp NULL DEFAULT NULL,
  `updated_at` timestamp NULL DEFAULT NULL,
  PRIMARY KEY (`id`)
) ENGINE=InnoDB AUTO_INCREMENT=20 DEFAULT CHARSET=utf8mb4 COLLATE=utf8mb4_unicode_ci;
/*!40101 SET character_set_client = @saved_cs_client */;

--
-- Dumping data for table `locations`
--

LOCK TABLES `locations` WRITE;
/*!40000 ALTER TABLE `locations` DISABLE KEYS */;
INSERT INTO `locations` VALUES (0,'#',NULL,NULL),(3,'L1',NULL,NULL),(4,'L2',NULL,NULL),(5,'L3',NULL,NULL),(6,'RAK A-1',NULL,NULL),(7,'RAK A-2',NULL,NULL),(8,'RAK A-3',NULL,NULL),(9,'RAK A-4',NULL,NULL),(10,'RAK B-1',NULL,NULL),(11,'RAK B-2',NULL,NULL),(12,'RAK B-3',NULL,NULL),(13,'RAK B-4',NULL,NULL);
/*!40000 ALTER TABLE `locations` ENABLE KEYS */;
UNLOCK TABLES;

--
-- Table structure for table `logs`
--

DROP TABLE IF EXISTS `logs`;
/*!40101 SET @saved_cs_client     = @@character_set_client */;
/*!40101 SET character_set_client = utf8 */;
CREATE TABLE `logs` (
  `id` bigint(20) unsigned NOT NULL AUTO_INCREMENT,
  `date` date NOT NULL,
  `part_id` bigint(20) unsigned NOT NULL,
  `old` bigint(20) unsigned NOT NULL,
  `new` bigint(20) unsigned NOT NULL,
  `created_at` timestamp NULL DEFAULT NULL,
  `updated_at` timestamp NULL DEFAULT NULL,
  PRIMARY KEY (`id`),
  KEY `logs_part_id_foreign` (`part_id`),
  KEY `logs_old_foreign` (`old`),
  KEY `logs_new_foreign` (`new`),
  CONSTRAINT `logs_new_foreign` FOREIGN KEY (`new`) REFERENCES `statuses` (`id`),
  CONSTRAINT `logs_old_foreign` FOREIGN KEY (`old`) REFERENCES `statuses` (`id`),
  CONSTRAINT `logs_part_id_foreign` FOREIGN KEY (`part_id`) REFERENCES `parts` (`id`)
) ENGINE=InnoDB AUTO_INCREMENT=185 DEFAULT CHARSET=utf8mb4 COLLATE=utf8mb4_unicode_ci;
/*!40101 SET character_set_client = @saved_cs_client */;

--
-- Dumping data for table `logs`
--

LOCK TABLES `logs` WRITE;
/*!40000 ALTER TABLE `logs` DISABLE KEYS */;
INSERT INTO `logs` VALUES (1,'2024-04-26',367,2,1,'2024-04-25 21:22:55','2024-04-25 21:22:55'),(2,'2024-04-26',367,1,2,'2024-04-25 21:38:03','2024-04-25 21:38:03'),(3,'2024-04-26',367,2,3,'2024-04-25 22:58:18','2024-04-25 22:58:18'),(6,'2024-04-27',369,2,2,'2024-04-26 20:40:32','2024-04-26 20:40:32'),(7,'2024-04-27',368,2,2,'2024-04-26 20:40:59','2024-04-26 20:40:59'),(8,'2024-04-27',373,1,2,'2024-04-26 20:57:32','2024-04-26 20:57:32'),(9,'2024-04-27',358,1,2,'2024-04-26 20:57:53','2024-04-26 20:57:53'),(10,'2024-04-27',354,1,2,'2024-04-26 20:58:09','2024-04-26 20:58:09'),(11,'2024-04-27',322,1,2,'2024-04-26 21:23:20','2024-04-26 21:23:20'),(12,'2024-04-30',353,1,2,'2024-04-30 00:38:39','2024-04-30 00:38:39'),(13,'2024-04-30',384,1,2,'2024-04-30 00:45:20','2024-04-30 00:45:20'),(17,'2024-04-30',362,1,2,'2024-04-30 01:42:03','2024-04-30 01:42:03'),(18,'2024-04-30',361,1,2,'2024-04-30 01:42:14','2024-04-30 01:42:14'),(19,'2024-05-03',392,1,2,'2024-05-02 23:54:21','2024-05-02 23:54:21'),(20,'2024-05-03',391,1,2,'2024-05-02 23:54:30','2024-05-02 23:54:30'),(21,'2024-05-08',359,1,2,'2024-05-08 00:13:08','2024-05-08 00:13:08'),(22,'2024-05-11',390,1,2,'2024-05-10 20:34:23','2024-05-10 20:34:23'),(23,'2024-05-11',389,1,2,'2024-05-10 20:34:31','2024-05-10 20:34:31'),(24,'2024-05-11',234,1,2,'2024-05-10 20:44:40','2024-05-10 20:44:40'),(25,'2024-05-11',418,1,2,'2024-05-11 01:19:18','2024-05-11 01:19:18'),(26,'2024-05-11',417,1,2,'2024-05-11 01:19:26','2024-05-11 01:19:26'),(27,'2024-05-11',416,1,2,'2024-05-11 01:19:31','2024-05-11 01:19:31'),(28,'2024-05-11',415,1,2,'2024-05-11 01:19:35','2024-05-11 01:19:35'),(29,'2024-05-14',379,1,2,'2024-05-13 19:39:52','2024-05-13 19:39:52'),(30,'2024-05-14',378,1,2,'2024-05-13 19:39:59','2024-05-13 19:39:59'),(41,'2024-05-17',471,1,2,'2024-05-17 02:46:01','2024-05-17 02:46:01'),(42,'2024-05-17',472,1,2,'2024-05-17 02:46:01','2024-05-17 02:46:01'),(43,'2024-05-20',251,1,2,'2024-05-19 21:57:03','2024-05-19 21:57:03'),(44,'2024-05-20',208,1,2,'2024-05-19 21:57:03','2024-05-19 21:57:03'),(45,'2024-05-20',207,1,2,'2024-05-19 21:57:03','2024-05-19 21:57:03'),(46,'2024-05-20',483,1,2,'2024-05-19 23:27:03','2024-05-19 23:27:03'),(47,'2024-05-20',482,1,2,'2024-05-19 23:27:03','2024-05-19 23:27:03'),(48,'2024-05-20',481,1,2,'2024-05-19 23:27:03','2024-05-19 23:27:03'),(49,'2024-05-20',480,1,2,'2024-05-19 23:27:03','2024-05-19 23:27:03'),(50,'2024-05-20',479,1,2,'2024-05-19 23:27:03','2024-05-19 23:27:03'),(51,'2024-05-20',478,1,2,'2024-05-19 23:27:04','2024-05-19 23:27:04'),(52,'2024-05-20',477,1,2,'2024-05-19 23:27:04','2024-05-19 23:27:04'),(53,'2024-05-20',445,1,2,'2024-05-19 23:27:04','2024-05-19 23:27:04'),(54,'2024-05-20',444,1,2,'2024-05-19 23:27:04','2024-05-19 23:27:04'),(55,'2024-05-20',443,1,2,'2024-05-19 23:27:04','2024-05-19 23:27:04'),(56,'2024-05-20',442,1,2,'2024-05-19 23:27:43','2024-05-19 23:27:43'),(57,'2024-05-20',441,1,2,'2024-05-19 23:27:43','2024-05-19 23:27:43'),(58,'2024-05-20',440,1,2,'2024-05-19 23:27:43','2024-05-19 23:27:43'),(59,'2024-05-20',439,1,2,'2024-05-19 23:27:43','2024-05-19 23:27:43'),(60,'2024-05-21',475,1,2,'2024-05-20 19:04:49','2024-05-20 19:04:49'),(61,'2024-05-22',352,1,2,'2024-05-22 01:06:28','2024-05-22 01:06:28'),(62,'2024-05-24',511,1,2,'2024-05-24 02:46:45','2024-05-24 02:46:45'),(63,'2024-05-24',519,1,2,'2024-05-24 02:50:37','2024-05-24 02:50:37'),(64,'2024-05-24',518,1,2,'2024-05-24 02:50:37','2024-05-24 02:50:37'),(65,'2024-05-25',513,1,2,'2024-05-25 00:32:33','2024-05-25 00:32:33'),(66,'2024-05-25',501,1,2,'2024-05-25 00:32:45','2024-05-25 00:32:45'),(67,'2024-05-25',500,1,2,'2024-05-25 00:32:45','2024-05-25 00:32:45'),(71,'2024-05-27',512,1,2,'2024-05-26 21:12:50','2024-05-26 21:12:50'),(72,'2024-05-27',360,1,2,'2024-05-26 23:54:50','2024-05-26 23:54:50'),(73,'2024-05-27',355,1,2,'2024-05-26 23:54:51','2024-05-26 23:54:51'),(74,'2024-05-27',430,1,2,'2024-05-26 23:55:28','2024-05-26 23:55:28'),(75,'2024-05-27',451,1,2,'2024-05-27 01:46:34','2024-05-27 01:46:34'),(76,'2024-05-28',468,1,2,'2024-05-27 20:16:03','2024-05-27 20:16:03'),(77,'2024-05-28',467,1,2,'2024-05-27 20:16:03','2024-05-27 20:16:03'),(78,'2024-05-29',484,1,2,'2024-05-29 00:37:49','2024-05-29 00:37:49'),(79,'2024-05-29',460,1,2,'2024-05-29 00:37:49','2024-05-29 00:37:49'),(80,'2024-05-29',459,1,2,'2024-05-29 00:37:49','2024-05-29 00:37:49'),(81,'2024-05-29',458,1,2,'2024-05-29 00:37:49','2024-05-29 00:37:49'),(82,'2024-05-30',544,1,2,'2024-05-30 00:34:28','2024-05-30 00:34:28'),(83,'2024-05-30',502,1,2,'2024-05-30 00:34:28','2024-05-30 00:34:28'),(84,'2024-05-31',531,1,2,'2024-05-31 01:39:56','2024-05-31 01:39:56'),(85,'2024-05-31',530,1,2,'2024-05-31 01:39:56','2024-05-31 01:39:56'),(86,'2024-05-31',532,1,2,'2024-05-31 01:39:56','2024-05-31 01:39:56'),(87,'2024-05-31',533,1,2,'2024-05-31 01:39:56','2024-05-31 01:39:56'),(88,'2024-05-31',514,1,2,'2024-05-31 01:39:56','2024-05-31 01:39:56'),(89,'2024-05-31',534,1,2,'2024-05-31 01:39:56','2024-05-31 01:39:56'),(90,'2024-05-31',535,1,2,'2024-05-31 01:39:56','2024-05-31 01:39:56'),(91,'2024-05-31',516,1,2,'2024-05-31 01:39:56','2024-05-31 01:39:56'),(92,'2024-05-31',515,1,2,'2024-05-31 01:39:56','2024-05-31 01:39:56'),(93,'2024-05-31',517,1,2,'2024-05-31 01:39:56','2024-05-31 01:39:56'),(94,'2024-06-04',543,1,2,'2024-06-03 19:55:47','2024-06-03 19:55:47'),(95,'2024-06-04',457,1,2,'2024-06-04 00:35:01','2024-06-04 00:35:01'),(96,'2024-06-04',456,1,2,'2024-06-04 00:35:01','2024-06-04 00:35:01'),(97,'2024-06-04',426,1,2,'2024-06-04 00:35:01','2024-06-04 00:35:01'),(98,'2024-06-04',542,1,2,'2024-06-04 02:07:52','2024-06-04 02:07:52'),(99,'2024-06-04',541,1,2,'2024-06-04 02:07:52','2024-06-04 02:07:52'),(100,'2024-06-04',540,1,2,'2024-06-04 02:07:52','2024-06-04 02:07:52'),(101,'2024-06-07',563,1,2,'2024-06-07 00:40:03','2024-06-07 00:40:03'),(102,'2024-06-07',562,1,2,'2024-06-07 00:40:03','2024-06-07 00:40:03'),(103,'2024-06-07',561,1,2,'2024-06-07 00:40:03','2024-06-07 00:40:03'),(111,'2024-06-08',587,1,2,'2024-06-07 19:37:33','2024-06-07 19:37:33'),(112,'2024-06-08',586,1,2,'2024-06-07 19:37:33','2024-06-07 19:37:33'),(118,'2024-06-08',499,1,2,'2024-06-07 20:25:43','2024-06-07 20:25:43'),(119,'2024-06-08',493,1,2,'2024-06-07 20:26:35','2024-06-07 20:26:35'),(120,'2024-06-08',492,1,2,'2024-06-07 20:26:35','2024-06-07 20:26:35'),(121,'2024-06-08',495,1,2,'2024-06-07 20:26:53','2024-06-07 20:26:53'),(122,'2024-06-08',494,1,2,'2024-06-07 20:26:54','2024-06-07 20:26:54'),(123,'2024-06-08',476,1,2,'2024-06-07 20:27:28','2024-06-07 20:27:28'),(124,'2024-06-08',470,1,2,'2024-06-07 20:27:28','2024-06-07 20:27:28'),(125,'2024-06-08',469,1,2,'2024-06-07 20:27:28','2024-06-07 20:27:28'),(126,'2024-06-08',402,1,2,'2024-06-07 20:28:15','2024-06-07 20:28:15'),(127,'2024-06-08',328,1,2,'2024-06-07 20:30:29','2024-06-07 20:30:29'),(128,'2024-06-08',292,1,2,'2024-06-07 20:30:29','2024-06-07 20:30:29'),(129,'2024-06-08',291,1,2,'2024-06-07 20:30:30','2024-06-07 20:30:30'),(130,'2024-06-08',209,1,2,'2024-06-07 20:31:28','2024-06-07 20:31:28'),(131,'2024-06-08',59,1,2,'2024-06-07 20:33:13','2024-06-07 20:33:13'),(132,'2024-06-08',195,1,2,'2024-06-07 20:34:20','2024-06-07 20:34:20'),(133,'2024-06-08',186,1,2,'2024-06-07 20:35:39','2024-06-07 20:35:39'),(134,'2024-06-08',185,1,2,'2024-06-07 20:35:39','2024-06-07 20:35:39'),(135,'2024-06-08',184,1,2,'2024-06-07 20:35:39','2024-06-07 20:35:39'),(136,'2024-06-08',183,1,2,'2024-06-07 20:35:39','2024-06-07 20:35:39'),(137,'2024-06-08',104,1,2,'2024-06-07 20:44:37','2024-06-07 20:44:37'),(138,'2024-06-08',103,1,2,'2024-06-07 20:44:37','2024-06-07 20:44:37'),(139,'2024-06-08',100,1,2,'2024-06-07 20:44:37','2024-06-07 20:44:37'),(140,'2024-06-08',99,1,2,'2024-06-07 20:44:37','2024-06-07 20:44:37'),(141,'2024-06-13',583,1,2,'2024-06-12 19:16:18','2024-06-12 19:16:18'),(142,'2024-06-13',573,1,2,'2024-06-12 19:16:18','2024-06-12 19:16:18'),(143,'2024-06-13',572,1,2,'2024-06-12 19:16:18','2024-06-12 19:16:18'),(144,'2024-06-13',571,1,2,'2024-06-12 19:16:18','2024-06-12 19:16:18'),(145,'2024-06-13',570,1,2,'2024-06-12 19:16:18','2024-06-12 19:16:18'),(146,'2024-06-13',569,1,2,'2024-06-12 19:16:18','2024-06-12 19:16:18'),(147,'2024-06-13',568,1,2,'2024-06-12 19:16:18','2024-06-12 19:16:18'),(148,'2024-06-13',567,1,2,'2024-06-12 19:16:18','2024-06-12 19:16:18'),(149,'2024-06-13',566,1,2,'2024-06-12 19:16:18','2024-06-12 19:16:18'),(150,'2024-06-13',616,1,2,'2024-06-12 19:47:09','2024-06-12 19:47:09'),(151,'2024-06-13',615,1,2,'2024-06-12 19:47:10','2024-06-12 19:47:10'),(152,'2024-06-13',528,1,2,'2024-06-12 20:59:57','2024-06-12 20:59:57'),(153,'2024-06-13',527,1,2,'2024-06-12 20:59:57','2024-06-12 20:59:57'),(154,'2024-06-13',619,1,2,'2024-06-12 23:54:36','2024-06-12 23:54:36'),(155,'2024-06-13',618,1,2,'2024-06-12 23:54:36','2024-06-12 23:54:36'),(156,'2024-06-13',556,1,2,'2024-06-13 00:10:18','2024-06-13 00:10:18'),(157,'2024-06-14',631,1,2,'2024-06-14 02:39:59','2024-06-14 02:39:59'),(158,'2024-06-20',641,1,2,'2024-06-20 09:23:56','2024-06-20 09:23:56'),(159,'2024-06-20',574,1,2,'2024-06-20 09:40:07','2024-06-20 09:40:07'),(160,'2024-06-20',565,1,2,'2024-06-20 09:40:32','2024-06-20 09:40:32'),(161,'2024-06-20',564,1,2,'2024-06-20 09:40:32','2024-06-20 09:40:32'),(162,'2024-06-20',487,1,2,'2024-06-20 09:41:09','2024-06-20 09:41:09'),(163,'2024-06-20',486,1,2,'2024-06-20 09:41:09','2024-06-20 09:41:09'),(164,'2024-06-20',485,1,2,'2024-06-20 09:41:09','2024-06-20 09:41:09'),(165,'2024-06-21',693,1,2,'2024-06-21 04:02:11','2024-06-21 04:02:11'),(166,'2024-06-21',668,1,2,'2024-06-21 07:27:01','2024-06-21 07:27:01'),(167,'2024-06-25',722,1,2,'2024-06-25 09:26:51','2024-06-25 09:26:51'),(168,'2024-06-27',667,1,2,'2024-06-27 03:58:45','2024-06-27 03:58:45'),(169,'2024-06-27',666,1,2,'2024-06-27 03:58:45','2024-06-27 03:58:45'),(170,'2024-06-28',740,1,2,'2024-06-28 03:17:06','2024-06-28 03:17:06'),(179,'2024-06-28',723,1,2,'2024-06-28 07:02:45','2024-06-28 07:02:45'),(180,'2024-06-28',709,1,2,'2024-06-28 07:02:45','2024-06-28 07:02:45'),(181,'2024-06-29',577,1,2,'2024-06-29 03:17:14','2024-06-29 03:17:14'),(182,'2024-06-29',642,1,2,'2024-06-29 03:24:28','2024-06-29 03:24:28'),(183,'2024-06-29',640,1,2,'2024-06-29 03:24:28','2024-06-29 03:24:28'),(184,'2024-06-29',750,1,2,'2024-06-29 03:30:04','2024-06-29 03:30:04');
/*!40000 ALTER TABLE `logs` ENABLE KEYS */;
UNLOCK TABLES;

--
-- Table structure for table `migrations`
--

DROP TABLE IF EXISTS `migrations`;
/*!40101 SET @saved_cs_client     = @@character_set_client */;
/*!40101 SET character_set_client = utf8 */;
CREATE TABLE `migrations` (
  `id` int(10) unsigned NOT NULL AUTO_INCREMENT,
  `migration` varchar(255) NOT NULL,
  `batch` int(11) NOT NULL,
  PRIMARY KEY (`id`)
) ENGINE=InnoDB AUTO_INCREMENT=40 DEFAULT CHARSET=utf8mb4 COLLATE=utf8mb4_unicode_ci;
/*!40101 SET character_set_client = @saved_cs_client */;

--
-- Dumping data for table `migrations`
--

LOCK TABLES `migrations` WRITE;
/*!40000 ALTER TABLE `migrations` DISABLE KEYS */;
INSERT INTO `migrations` VALUES (14,'2014_10_12_000000_create_users_table',1),(15,'2014_10_12_100000_create_password_reset_tokens_table',1),(16,'2019_08_19_000000_create_failed_jobs_table',1),(17,'2019_12_14_000001_create_personal_access_tokens_table',1),(18,'2023_02_22_042912_create_status_table',1),(19,'2024_01_13_024943_create_insurances_table',1),(20,'2024_01_13_030129_create_supplier_tablele',1),(21,'2024_02_12_074312_create_cars_table',1),(22,'2024_02_12_084507_create_parts_table',1),(23,'2024_01_05_023153_locations',2),(24,'2024_03_05_033341_add_foreign_key',3),(30,'2024_03_13_083226_create_items_table',4),(32,'2024_03_19_031613_create_tests_table',5),(38,'2024_04_23_063936_create_logs_table',6),(39,'2024_05_25_074827_update_part_dates_from_logs',7);
/*!40000 ALTER TABLE `migrations` ENABLE KEYS */;
UNLOCK TABLES;

--
-- Table structure for table `parts`
--

DROP TABLE IF EXISTS `parts`;
/*!40101 SET @saved_cs_client     = @@character_set_client */;
/*!40101 SET character_set_client = utf8 */;
CREATE TABLE `parts` (
  `id` bigint(20) unsigned NOT NULL AUTO_INCREMENT,
  `name` text NOT NULL,
  `car_id` bigint(20) unsigned NOT NULL,
  `plate` text NOT NULL,
  `supplier_id` bigint(20) unsigned NOT NULL,
  `insurance_id` bigint(20) unsigned NOT NULL,
  `status_id` bigint(20) unsigned NOT NULL,
  `date` date NOT NULL,
  `date_out` date DEFAULT NULL,
  `description` text DEFAULT NULL,
  `created_at` timestamp NULL DEFAULT NULL,
  `updated_at` timestamp NULL DEFAULT NULL,
  `location_id` bigint(20) unsigned NOT NULL,
  PRIMARY KEY (`id`),
  KEY `parts_car_id_foreign` (`car_id`),
  KEY `parts_supplier_id_foreign` (`supplier_id`),
  KEY `parts_insurance_id_foreign` (`insurance_id`),
  KEY `parts_status_id_foreign` (`status_id`),
  KEY `parts_location_id_foreign` (`location_id`),
  CONSTRAINT `parts_car_id_foreign` FOREIGN KEY (`car_id`) REFERENCES `cars` (`id`),
  CONSTRAINT `parts_insurance_id_foreign` FOREIGN KEY (`insurance_id`) REFERENCES `insurances` (`id`),
  CONSTRAINT `parts_location_id_foreign` FOREIGN KEY (`location_id`) REFERENCES `locations` (`id`),
  CONSTRAINT `parts_status_id_foreign` FOREIGN KEY (`status_id`) REFERENCES `statuses` (`id`),
  CONSTRAINT `parts_supplier_id_foreign` FOREIGN KEY (`supplier_id`) REFERENCES `suppliers` (`id`)
) ENGINE=InnoDB AUTO_INCREMENT=779 DEFAULT CHARSET=utf8mb4 COLLATE=utf8mb4_unicode_ci;
/*!40101 SET character_set_client = @saved_cs_client */;

--
-- Dumping data for table `parts`
--

LOCK TABLES `parts` WRITE;
/*!40000 ALTER TABLE `parts` DISABLE KEYS */;
INSERT INTO `parts` VALUES (12,'kap mesin',27,'B 1763 AJG',2,24,2,'2024-02-27','0000-00-00',NULL,'2024-02-28 01:35:38','2024-03-08 00:19:16',0),(13,'Kabel',26,'B 2885 PZM',5,22,2,'2024-02-27','0000-00-00',NULL,'2024-02-28 01:36:53','2024-02-28 01:37:08',0),(14,'List Foam',51,'B 888 ZH',23,3,1,'2024-02-27','0000-00-00',NULL,'2024-02-28 01:39:48','2024-02-28 01:39:48',0),(15,'engsel pintu FR L',36,'B 1697 PKX',20,14,1,'2024-02-27','0000-00-00',NULL,'2024-02-28 01:41:10','2024-02-28 02:24:04',0),(16,'engsel pintu RR L',36,'B 1697 PKX',20,14,1,'2024-02-27','0000-00-00',NULL,'2024-02-28 01:41:21','2024-02-28 02:24:21',0),(17,'stiker pintu depan FR L',36,'B 1697 PKX',20,14,1,'2024-02-27','0000-00-00',NULL,'2024-02-28 01:42:54','2024-02-28 02:24:42',0),(18,'bracket',67,'B 1227 PRT',14,11,1,'2024-02-28','0000-00-00',NULL,'2024-02-28 01:46:19','2024-02-28 19:49:47',0),(19,'bumper FR',67,'B 1227 PRT',14,11,2,'2024-02-28','0000-00-00',NULL,'2024-02-28 01:49:03','2024-02-28 19:49:58',0),(20,'clippan 3',67,'B 1227 PRT',14,11,1,'2024-02-28','0000-00-00',NULL,'2024-02-28 01:49:23','2024-02-28 19:50:11',0),(21,'spoiler bumper dpn',20,'B 2811 PFB',9,5,2,'2024-02-28','0000-00-00',NULL,'2024-02-28 01:58:15','2024-03-07 23:39:48',0),(22,'spoiler fender FR L',20,'B 2811 PFB',9,5,2,'2024-02-28','0000-00-00',NULL,'2024-02-28 02:21:43','2024-03-07 23:39:59',0),(23,'spoiler fender L',20,'B 2811 PFB',9,5,2,'2024-02-28','0000-00-00',NULL,'2024-02-28 02:21:53','2024-03-07 23:40:08',0),(24,'lampu stop',23,'B 2294 PFE',18,5,1,'2024-02-28','0000-00-00',NULL,'2024-02-28 02:22:57','2024-02-28 02:22:57',0),(25,'cover deck',26,'B 2885 pzm',4,28,2,'2024-02-28','0000-00-00','komar / beli','2024-02-28 02:27:13','2024-02-28 23:33:52',0),(26,'BUMPER BLKNG',2,'B 2595 POJ',10,3,1,'2024-02-28','0000-00-00',NULL,'2024-02-28 02:28:26','2024-02-28 02:28:26',0),(27,'COVER FOG LAMP',2,'B 2595 POJ',10,3,1,'2024-02-28','0000-00-00',NULL,'2024-02-28 02:28:35','2024-02-28 02:28:35',0),(28,'PENTIL VELG DEPAN KIRI',57,'D 1463 VDC',2,24,1,'2024-02-28','2024-06-21',NULL,'2024-02-28 02:29:29','2024-06-21 04:02:11',0),(29,'MOULDING WHEEL ARCH FR LH',57,'D 1463 VDC',2,24,1,'2024-02-28','2024-06-21',NULL,'2024-02-28 02:30:44','2024-06-21 04:02:11',0),(30,'BUMPER DEPAN',32,'B 1792  WZB',15,17,2,'2024-02-28','0000-00-00',NULL,'2024-02-28 02:35:19','2024-03-04 00:43:58',0),(31,'LINER FENDER DPN L',32,'B 1792  WZB',15,17,2,'2024-02-28','0000-00-00',NULL,'2024-02-28 02:36:24','2024-03-19 01:02:50',0),(32,'TUTUP TOWING',32,'B 1792  WZB',15,17,2,'2024-02-28','0000-00-00',NULL,'2024-02-28 02:36:35','2024-03-04 00:44:06',0),(33,'BUMPER DPN',26,'B 1856 BFE',2,17,1,'2024-02-28','0000-00-00',NULL,'2024-02-28 02:37:41','2024-02-28 02:37:41',0),(34,'MOULDING FR L',26,'B 1856 BFE',2,17,1,'2024-02-28','0000-00-00',NULL,'2024-02-28 02:38:02','2024-02-28 02:38:02',0),(36,'KACA DPN',1,'A 1260 GT',10,5,2,'2024-02-29','0000-00-00',NULL,'2024-02-29 02:46:11','2024-03-08 00:17:47',0),(37,'MOULDING KACA',1,'A 1260 GT',10,5,1,'2024-02-29','0000-00-00',NULL,'2024-02-29 02:46:22','2024-02-29 02:46:22',0),(38,'COVER TRISPLANG KIRI',11,'B 8732 PK',7,5,1,'2024-02-29','0000-00-00',NULL,'2024-02-29 02:47:08','2024-02-29 02:47:08',0),(39,'KARET COVER TRISPLANG',11,'B 8732 PK',7,5,1,'2024-02-29','0000-00-00',NULL,'2024-02-29 02:47:33','2024-02-29 02:47:33',0),(40,'SPOILER PINTU RR L',3,'B 2196 BYZ',17,8,2,'2024-02-29','0000-00-00',NULL,'2024-02-29 02:48:23','2024-03-09 00:22:18',0),(41,'GRILL DEPAN',21,'B 2704 BKD',9,5,2,'2024-02-26','0000-00-00',NULL,'2024-02-29 02:50:42','2024-02-29 02:50:42',0),(42,'LAMPU STOP BLK RH',21,'B 2704 BKD',9,5,1,'2024-02-26','0000-00-00',NULL,'2024-02-29 02:50:59','2024-02-29 02:50:59',0),(43,'KARPET RODA RR',2,'B 2018 POA',7,5,1,'2024-02-26','0000-00-00',NULL,'2024-02-29 02:51:35','2024-02-29 02:51:35',0),(44,'VELG',60,'D 1463 VDC',2,24,2,'2024-02-26','0000-00-00',NULL,'2024-02-29 02:52:45','2024-03-09 00:23:37',0),(45,'MOULDING FENDER L',3,'B 2940 PVD',14,13,1,'2024-03-01','0000-00-00',NULL,'2024-03-01 20:28:47','2024-03-01 20:35:52',0),(46,'BUMPER BLK',1,'B 1639 BRY',7,5,1,'2024-03-01','0000-00-00',NULL,'2024-03-01 20:34:31','2024-03-01 20:36:14',0),(47,'COVER SPION',1,'B 1639 BRY',7,5,1,'2024-03-01','0000-00-00',NULL,'2024-03-01 20:48:52','2024-03-01 20:48:52',0),(48,'LAMPU BLK',1,'B 1639 BRY',7,5,1,'2024-03-01','0000-00-00',NULL,'2024-03-01 20:49:16','2024-03-01 20:49:16',0),(49,'SPION L',1,'B 1639 BRY',7,5,1,'2024-03-01','0000-00-00',NULL,'2024-03-01 20:49:25','2024-03-01 20:49:25',0),(50,'LIST CROM PINTU DEPAN LH',81,'N 1819 GG',2,24,1,'2024-03-02','0000-00-00',NULL,'2024-03-01 23:41:46','2024-03-01 23:48:54',0),(51,'REGULATOR FR RH',1,'B 1946 SIZ',4,24,1,'2024-03-04','0000-00-00','P WAWAN','2024-03-04 00:32:08','2024-03-04 00:36:59',0),(52,'EMBLEM',1,'B 1639 BRY',7,5,1,'2024-03-04','0000-00-00',NULL,'2024-03-04 00:34:24','2024-03-04 23:46:57',8),(53,'GRILL FR',2,'B 2748 PFP',7,5,1,'2024-03-04','0000-00-00',NULL,'2024-03-04 00:35:58','2024-03-04 23:47:13',3),(54,'BUMPER DEPAN',23,'B 2294 PFE',18,5,1,'2024-03-05','0000-00-00',NULL,'2024-03-05 00:36:03','2024-03-05 00:36:03',0),(55,'LINER FENDER DEPAN',82,'B 888 YLH',8,5,1,'2024-03-05','0000-00-00',NULL,'2024-03-05 00:38:06','2024-03-05 00:40:25',13),(56,'BUMPER FR',21,'B 1968 TKY',2,13,1,'2024-03-05','2024-06-08',NULL,'2024-03-07 21:28:53','2024-06-07 20:33:13',0),(57,'HEADLAMP R',21,'B 1968 TKY',2,13,1,'2024-03-05','2024-06-08',NULL,'2024-03-07 21:29:19','2024-06-07 20:33:13',4),(58,'HEADLAMP L',21,'B 1968 TKY',2,13,1,'2024-03-05','2024-06-08',NULL,'2024-03-07 21:29:27','2024-06-07 20:33:13',4),(59,'LAMPU STOP R',21,'B 1968 TKY',2,13,2,'2024-03-05','2024-06-08',NULL,'2024-03-07 21:31:44','2024-06-07 20:33:13',4),(60,'LINER FENDER LH',21,'B 1968 TKY',2,13,1,'2024-03-05','2024-06-08',NULL,'2024-03-07 21:32:05','2024-06-07 20:33:13',4),(61,'TUTUP TOWING',21,'B 1968 TKY',2,13,1,'2024-03-05','2024-06-08',NULL,'2024-03-07 21:32:19','2024-06-07 20:33:13',4),(62,'BUMPER DPN',1,'D 1388',10,5,2,'2024-03-06','0000-00-00',NULL,'2024-03-07 21:40:35','2024-03-11 19:45:39',0),(63,'GRILLE BUMPER FR',1,'D 1388',10,5,2,'2024-03-06','0000-00-00',NULL,'2024-03-07 21:41:04','2024-03-11 19:45:52',0),(64,'TANDUK BLK',1,'D 1388',10,5,2,'2024-03-06','0000-00-00',NULL,'2024-03-07 21:41:17','2024-03-15 19:49:41',0),(65,'MOULDING BAWAH RR',66,'B 1041 PND',14,5,1,'2024-03-06','0000-00-00',NULL,'2024-03-07 21:43:56','2024-03-07 21:43:56',3),(66,'MOULDING PINTU R',66,'B 1041 PND',14,5,1,'2024-03-06','0000-00-00',NULL,'2024-03-07 21:44:14','2024-03-07 21:44:14',10),(67,'LIST GRILLE DPN',92,'B 1523 CIC',7,5,1,'2024-03-06','0000-00-00',NULL,'2024-03-07 21:46:39','2024-03-08 23:45:09',5),(68,'GRILLE',1,'D 1388 MI',10,5,2,'2024-03-06','0000-00-00',NULL,'2024-03-07 21:47:43','2024-03-11 19:45:29',3),(69,'BUMPER DPN',6,'B 1658 PAE',13,7,1,'2024-03-07','0000-00-00',NULL,'2024-03-07 21:51:43','2024-03-07 21:51:43',0),(70,'LAMPU STOP L',48,'B 1954 ROE',13,3,1,'2024-03-07','0000-00-00',NULL,'2024-03-07 21:53:32','2024-03-07 21:53:32',4),(71,'LAMPU STOP L',21,'B 1968 TKY',2,13,1,'2024-03-07','2024-06-08',NULL,'2024-03-07 23:08:19','2024-06-07 20:33:13',4),(72,'SPION L',21,'B 1968 TKY',2,13,2,'2024-03-07','0000-00-00',NULL,'2024-03-07 23:09:05','2024-03-17 23:29:49',4),(73,'SPION R',21,'B 1968 TKY',2,13,2,'2024-03-07','0000-00-00',NULL,'2024-03-07 23:09:17','2024-03-17 23:29:28',4),(74,'SENSOR',21,'B 1968 TKY',2,13,1,'2024-03-07','2024-06-08',NULL,'2024-03-07 23:10:14','2024-06-07 20:33:12',8),(75,'REFLEKTOR LH',82,'BK 181 MT',3,8,1,'2024-03-07','0000-00-00',NULL,'2024-03-07 23:12:00','2024-03-07 23:12:00',4),(76,'CERMIN',13,'B 1523 CTC',1,28,1,'2024-03-07','0000-00-00',NULL,'2024-03-07 23:13:21','2024-03-07 23:13:21',8),(77,'STIKER PINTU RR L',3,'B 2196 BYZ',17,8,2,'2024-03-07','0000-00-00',NULL,'2024-03-07 23:19:32','2024-03-09 00:22:07',11),(78,'STIKER BELAKANG KANAN LENGKUNG',3,'B 2196 BYZ',17,8,2,'2024-03-07','0000-00-00',NULL,'2024-03-07 23:24:23','2024-03-09 00:22:33',0),(79,'STIKER BELAKANG KANAN LURUS',3,'B 2196 BYZ',17,8,1,'2024-03-07','0000-00-00',NULL,'2024-03-07 23:24:32','2024-03-07 23:24:32',0),(80,'SCREW WASHER',4,'B 2681 PBO',3,8,1,'2024-03-08','0000-00-00',NULL,'2024-03-07 23:26:58','2024-03-07 23:26:58',8),(81,'SUPPORT FR BUMPER LH BREKET',4,'B 2681 PBO',3,8,2,'2024-03-08','0000-00-00',NULL,'2024-03-07 23:27:41','2024-03-12 21:38:12',8),(82,'COVER BUMPER RR',4,'B 2681 PBO',3,8,1,'2024-03-08','0000-00-00',NULL,'2024-03-07 23:28:08','2024-03-07 23:28:08',0),(83,'COVER BUMPER FR',4,'B 2681 PBO',3,8,1,'2024-03-08','0000-00-00',NULL,'2024-03-07 23:28:15','2024-03-07 23:28:15',0),(84,'GRILLE RADIATOR',4,'B 2681 PBO',3,8,2,'2024-03-08','0000-00-00',NULL,'2024-03-07 23:28:44','2024-03-26 20:18:04',3),(85,'GRILLE RADIATOR LWR',4,'B 2681 PBO',3,8,2,'2024-03-08','0000-00-00',NULL,'2024-03-07 23:28:55','2024-03-26 20:17:52',3),(86,'HEADLAMP RH',4,'B 2681 PBO',3,8,1,'2024-03-08','0000-00-00',NULL,'2024-03-07 23:29:11','2024-03-07 23:29:11',4),(87,'HEADLAMP LH',4,'B 2681 PBO',3,8,1,'2024-03-08','0000-00-00',NULL,'2024-03-07 23:29:18','2024-03-07 23:29:18',4),(88,'CLIP',4,'B 2681 PBO',3,8,1,'2024-03-08','0000-00-00',NULL,'2024-03-07 23:29:31','2024-03-07 23:29:31',8),(89,'BUMPER BLK',83,'B 1021 ZFN',5,10,1,'2024-03-08','0000-00-00',NULL,'2024-03-08 02:50:40','2024-03-08 23:44:39',0),(90,'STOP LAMP RH',83,'B 1021 ZFN',5,10,1,'2024-03-08','0000-00-00',NULL,'2024-03-08 02:50:58','2024-03-08 23:44:53',4),(91,'LAMPU DEPAN KIRI',27,'B 1968 NJH',5,1,2,'2024-03-09','0000-00-00',NULL,'2024-03-09 01:45:06','2024-03-15 19:30:53',4),(92,'TENTAKEL BUMPER DEPAN KIRI',27,'B 1968 NJH',5,1,2,'2024-03-09','0000-00-00',NULL,'2024-03-09 01:45:23','2024-03-14 19:47:28',4),(93,'HEADLAMP RH',93,'B 2595 POJ',10,3,1,'2024-03-12','0000-00-00',NULL,'2024-03-11 23:17:58','2024-03-11 23:24:40',4),(99,'KACA BAGASI',93,'B 2497 TFZ',10,28,2,'2024-03-12','2024-06-08','darwin','2024-03-12 01:21:02','2024-06-07 20:44:37',3),(100,'SPOILER BAGASI ATAS',93,'B 2497 TFZ',10,28,2,'2024-03-12','2024-06-08','darwin','2024-03-12 01:21:15','2024-06-07 20:44:37',3),(101,'BUMPER RR',93,'B 2497 TFZ',10,28,2,'2024-03-12','0000-00-00','darwin','2024-03-12 01:21:30','2024-03-30 01:23:09',0),(102,'BRAKET BUMPER RR LH',93,'B 2497 TFZ',10,28,1,'2024-03-12','2024-06-08','darwin','2024-03-12 01:21:57','2024-06-07 20:44:37',7),(103,'BRAKET BUMPER  RR RH',93,'B 2497 TFZ',10,28,2,'2024-03-12','2024-06-08','darwin','2024-03-12 01:22:09','2024-06-07 20:44:37',7),(104,'TANDUK BUMPER RR',93,'B 2497 TFZ',10,28,2,'2024-03-12','2024-06-08','darwin','2024-03-12 01:22:27','2024-06-07 20:44:37',3),(105,'STOPLAMP LH',93,'B 2497 TFZ',10,28,2,'2024-03-12','0000-00-00','darwin','2024-03-12 01:22:46','2024-03-30 01:23:36',4),(106,'STOPLAMP RH',93,'B 2497 TFZ',10,28,2,'2024-03-12','0000-00-00','darwin','2024-03-12 01:22:55','2024-03-30 01:23:22',4),(107,'REFLEKTOR BAGASI LH',93,'B 2497 TFZ',10,28,2,'2024-03-12','0000-00-00','darwin','2024-03-12 01:23:13','2024-03-30 01:24:28',4),(108,'REFLEKTOR BAGASI RH',93,'B 2497 TFZ',10,28,2,'2024-03-12','0000-00-00','darwin','2024-03-12 01:23:29','2024-03-30 01:24:08',4),(109,'MUDGUARD RR RH',93,'B 2497 TFZ',10,28,1,'2024-03-12','2024-06-08','darwin','2024-03-12 01:23:46','2024-06-07 20:44:36',7),(110,'KACA BAGASI',94,'B 2749 VOE',11,3,1,'2024-03-13','0000-00-00',NULL,'2024-03-13 18:36:37','2024-03-13 18:52:21',3),(111,'BAN/RODA',14,'L 1488 ABQ',2,19,1,'2024-03-13','0000-00-00',NULL,'2024-03-13 18:37:35','2024-03-13 18:37:35',0),(112,'GRILLE',14,'L 1488 ABQ',2,19,1,'2024-03-13','0000-00-00',NULL,'2024-03-13 18:38:05','2024-03-13 18:38:05',0),(113,'CLIPAN 5',14,'L 1488 ABQ',2,19,1,'2024-03-13','0000-00-00',NULL,'2024-03-13 18:38:13','2024-03-13 18:38:13',0),(114,'BRAKET BUMPER FR L',1,'D 2623 BYU',10,5,2,'2024-03-13','0000-00-00',NULL,'2024-03-13 18:40:26','2024-03-21 19:40:20',7),(115,'BUMPER DPN',1,'D 2623 BYU',10,5,1,'2024-03-13','0000-00-00',NULL,'2024-03-13 18:40:37','2024-03-13 18:40:37',7),(116,'GRILL',1,'D 2623 BYU',10,5,1,'2024-03-13','0000-00-00',NULL,'2024-03-13 18:41:04','2024-03-13 18:41:04',3),(117,'LAMPU DPN L',1,'D 2623 BYU',10,5,2,'2024-03-13','0000-00-00',NULL,'2024-03-13 18:41:18','2024-03-21 19:40:32',4),(118,'LINER FENDER',1,'D 2623 BYU',10,5,1,'2024-03-13','0000-00-00',NULL,'2024-03-13 18:42:36','2024-03-13 18:42:36',4),(119,'LIST BUMPER DEPAN L',1,'D 2623 BYU',10,5,2,'2024-03-13','0000-00-00',NULL,'2024-03-13 18:43:01','2024-03-21 19:39:56',7),(120,'LAMPU DEPAN R',12,'B 2537 PFS',7,5,1,'2024-03-13','0000-00-00','Stok','2024-03-13 18:44:17','2024-04-14 19:45:04',0),(121,'CLIPPAN LINER FENDER 5',12,'B 2774 JUF',17,13,2,'2024-03-13','0000-00-00',NULL,'2024-03-13 18:47:49','2024-03-21 19:39:41',0),(122,'LAMPU FR R',12,'B 2774 JUF',17,13,2,'2024-03-13','0000-00-00',NULL,'2024-03-13 18:48:03','2024-03-21 19:39:32',0),(123,'LINER FENDER DEPAN L',12,'B 2774 JUF',17,13,2,'2024-03-13','0000-00-00',NULL,'2024-03-13 18:48:24','2024-03-21 19:39:22',0),(129,'GRILL RADIATIOR',94,'B 2170 PKU',13,3,1,'2024-03-14','0000-00-00',NULL,'2024-03-14 01:34:14','2024-03-14 01:34:14',3),(130,'HEADLAMP L',94,'B 2170 PKU',13,3,2,'2024-03-14','0000-00-00',NULL,'2024-03-14 01:34:35','2024-03-17 20:43:22',4),(131,'TABUNG AIR',94,'B 2170 PKU',13,3,2,'2024-03-14','0000-00-00',NULL,'2024-03-14 01:35:19','2024-03-17 20:43:32',10),(132,'HEADLAMP R',9,'B 1638 BJF',7,5,1,'2024-03-14','0000-00-00',NULL,'2024-03-14 01:36:23','2024-03-14 01:36:23',0),(133,'ARM SUSPENSEIN R/H',9,'B 1938 BJF',7,5,1,'2024-03-14','0000-00-00',NULL,'2024-03-14 01:40:53','2024-03-14 01:40:53',0),(134,'AS RODA',9,'B 1938 BJF',7,5,2,'2024-03-14','0000-00-00','--','2024-03-14 01:41:09','2024-03-14 01:41:09',0),(135,'BEARING RODA R/H',9,'B 1938 BJF',7,5,1,'2024-03-14','0000-00-00','--','2024-03-14 01:42:15','2024-03-14 01:55:01',0),(136,'KNUCKLE RH',9,'B 1938 BJF',7,5,1,'2024-03-14','0000-00-00',NULL,'2024-03-14 01:42:38','2024-03-14 01:43:33',0),(137,'SHOSBLECKER DPN R/H',9,'B 1938 BJF',7,5,1,'2024-03-14','0000-00-00',NULL,'2024-03-14 01:42:56','2024-03-14 01:42:56',0),(138,'SUPOORT SHOSBLEKER DPN R/H',9,'B 1938 BJF',7,5,1,'2024-03-14','0000-00-00',NULL,'2024-03-14 01:43:15','2024-03-14 01:43:15',0),(139,'SEIN BUMPER FR LH',93,'B 2189 UZT',12,10,1,'2024-03-14','0000-00-00',NULL,'2024-03-14 01:56:02','2024-03-14 01:56:02',4),(140,'COVER TRISPLANG',4,'B 14071 BJW',12,10,1,'2024-03-14','0000-00-00',NULL,'2024-03-14 01:57:03','2024-03-14 01:57:03',4),(141,'COVER BAN SEREP',3,'B 2203 BKF',7,5,1,'2024-03-16','0000-00-00',NULL,'2024-03-15 19:28:55','2024-03-15 19:28:55',0),(142,'EMBLEM BLK',3,'B 2203 BKF',7,5,1,'2024-03-16','0000-00-00',NULL,'2024-03-15 19:29:07','2024-03-15 19:29:07',0),(143,'MOULDING KACA DPN',3,'B 2203 BKF',7,5,2,'2024-03-16','0000-00-00',NULL,'2024-03-15 19:29:20','2024-03-19 19:31:28',0),(144,'FENDER/SPAKBOR L',14,'L 1488 ABQ',2,19,2,'2024-03-16','0000-00-00',NULL,'2024-03-15 20:11:21','2024-03-15 21:08:37',0),(145,'HEADLAMP L',14,'L 1488 ABQ',2,19,2,'2024-03-16','0000-00-00',NULL,'2024-03-15 20:11:34','2024-03-15 21:08:28',4),(146,'COVER EMBLEM DPN',69,'B 1977 PJP',17,24,2,'2024-03-16','0000-00-00',NULL,'2024-03-15 21:09:36','2024-03-17 21:07:48',8),(147,'EMBLEM MERK KAP MESIN',69,'B 1977 PJP',17,24,2,'2024-03-16','0000-00-00',NULL,'2024-03-15 21:10:40','2024-03-17 21:07:37',12),(148,'FOGLAMP RH',93,'B 2907 BOZ',12,10,2,'2024-03-16','0000-00-00',NULL,'2024-03-15 23:57:31','2024-03-27 20:36:28',8),(149,'SEIN BUMPER RH',93,'B 2907 BOZ',12,10,1,'2024-03-16','2024-06-08',NULL,'2024-03-15 23:57:49','2024-06-07 20:34:20',4),(150,'KACA DPN',3,'B 2203 DKF',7,5,2,'2024-03-18','0000-00-00',NULL,'2024-03-18 19:45:09','2024-03-19 19:26:13',5),(154,'KACA FENDER BLK L',93,'B 2388 DU',12,10,2,'2024-03-19','0000-00-00',NULL,'2024-03-18 23:18:39','2024-03-29 20:26:15',5),(164,'LAMPU STOP LH',91,'B 1928 UJC',13,14,1,'2024-03-19','0000-00-00',NULL,'2024-03-19 01:59:56','2024-03-19 01:59:56',0),(165,'LINER FENDER RR L',91,'B 1928 UJC',13,14,1,'2024-03-19','0000-00-00',NULL,'2024-03-19 01:59:56','2024-03-19 01:59:56',0),(166,'LAMPU STOP L',93,'B 1037 SIG',10,28,2,'2024-03-19','0000-00-00','darwin/beli','2024-03-19 02:01:18','2024-03-22 19:39:15',0),(167,'KAMERA MUNDUR',1,'B 2066 UIE',10,5,1,'2024-03-20','0000-00-00',NULL,'2024-03-20 19:26:41','2024-03-20 19:26:41',4),(168,'LIST CRHOME GRILL',93,'B 2907 BOZ',12,10,2,'2024-03-20','0000-00-00',NULL,'2024-03-20 19:27:33','2024-03-27 20:36:39',3),(169,'BASE EMBLEM BAB R',3,'B 2803 BKF',7,5,1,'2024-03-20','0000-00-00',NULL,'2024-03-20 19:29:56','2024-03-20 19:29:56',4),(170,'LAMPU BLK L',3,'B 2803 BKF',7,5,1,'2024-03-20','0000-00-00',NULL,'2024-03-20 19:29:56','2024-03-20 19:29:56',4),(171,'LAMPU STOP R',68,'B 1987 GK',1,28,2,'2024-03-20','0000-00-00',NULL,'2024-03-20 19:31:50','2024-03-30 01:29:54',4),(172,'KACA DPN',1,'B 2834 BKD',10,28,2,'2024-03-20','0000-00-00',NULL,'2024-03-20 19:33:32','2024-03-26 19:34:36',0),(173,'MOULDING KACA DPN',1,'B 2834 BKD',10,28,1,'2024-03-20','0000-00-00',NULL,'2024-03-20 19:33:32','2024-03-20 19:33:32',0),(174,'BUMPER DPM',1,'B 2834 BKD',10,5,1,'2024-03-20','0000-00-00',NULL,'2024-03-20 19:38:33','2024-03-20 19:38:33',0),(175,'COVER SPION R',1,'B 2834 BKD',10,5,1,'2024-03-20','0000-00-00',NULL,'2024-03-20 19:38:33','2024-03-20 19:38:33',4),(176,'LAMPU SEIN SPION R',1,'B 2834 BKD',10,5,1,'2024-03-20','0000-00-00',NULL,'2024-03-20 19:38:33','2024-03-20 19:38:33',4),(177,'KARPET RODA',1,'B 2834 BKD',10,5,1,'2024-03-20','0000-00-00',NULL,'2024-03-20 19:38:33','2024-03-20 19:38:33',6),(178,'COVER SPION L',1,'B 2834 BKD',10,5,1,'2024-03-20','0000-00-00',NULL,'2024-03-20 19:40:11','2024-03-20 19:40:11',4),(179,'SPION L',1,'B 2834 BKD',10,5,1,'2024-03-20','0000-00-00',NULL,'2024-03-20 19:40:11','2024-03-20 19:40:11',4),(180,'KAMPAS REM',93,'--',10,28,1,'2024-03-20','0000-00-00',NULL,'2024-03-20 19:41:21','2024-03-20 19:41:21',4),(181,'MOTOR WASHER',8,'B 1938 BJF',7,5,2,'2024-03-21','0000-00-00',NULL,'2024-03-21 19:42:51','2024-03-21 19:42:51',8),(182,'SELANG MOTOR WASHER',8,'B 1938 BJF',7,5,2,'2024-03-21','0000-00-00',NULL,'2024-03-21 19:42:51','2024-03-21 19:42:51',8),(183,'SEN SPION R',93,'B 1808 UIY',12,10,2,'2024-03-21','2024-06-08',NULL,'2024-03-21 19:44:31','2024-06-07 20:35:39',8),(184,'EMBLEM GRILLE',93,'B 1808 UIY',12,10,2,'2024-03-21','2024-06-08',NULL,'2024-03-21 19:44:31','2024-06-07 20:35:39',3),(185,'LIST CHROM GRILL ATAS',93,'B 1808 UIY',12,10,2,'2024-03-21','2024-06-08',NULL,'2024-03-21 19:44:31','2024-06-07 20:35:39',3),(186,'LIST CRHOME GRILL BAWAH',93,'B 1808 UIY',12,10,2,'2024-03-21','2024-06-08',NULL,'2024-03-21 19:44:31','2024-06-07 20:35:39',3),(187,'SEN SPION R',93,'B 2668 SFO',14,16,1,'2024-03-21','0000-00-00',NULL,'2024-03-21 19:45:16','2024-03-21 19:45:16',8),(188,'LAMPU STOP KANAN',98,'B 1260 POP',15,3,1,'2024-03-22','0000-00-00',NULL,'2024-03-21 21:21:32','2024-03-21 21:21:58',4),(189,'SEIN PANEL R',38,'B 1811 PYD',10,5,2,'2024-03-22','0000-00-00','---','2024-03-22 01:09:03','2024-03-22 01:09:03',0),(190,'BUMPER DPN',1,'B 2905 RFP',10,5,2,'2024-03-22','0000-00-00',NULL,'2024-03-22 01:27:37','2024-03-22 01:28:31',0),(191,'COVER RADIATOR A + B',1,'B 2905 RFP',10,5,2,'2024-03-22','0000-00-00',NULL,'2024-03-22 01:27:37','2024-03-29 19:39:32',11),(192,'COVER RADIATOR RH',1,'B 2905 RFP',10,5,2,'2024-03-22','0000-00-00',NULL,'2024-03-22 01:27:37','2024-03-29 19:39:21',0),(193,'COVER RADIATOR LH',1,'B 2905 RFP',10,5,2,'2024-03-22','0000-00-00',NULL,'2024-03-22 01:27:37','2024-03-29 19:39:10',11),(194,'LIST GRILL BUMPER DEPAN ATAS',1,'B 2905 RFP',10,5,2,'2024-03-22','0000-00-00',NULL,'2024-03-22 01:27:37','2024-03-22 20:58:41',9),(195,'SEIN SPION LH',93,'B 2907 BOZ',12,10,2,'2024-03-22','2024-06-08',NULL,'2024-03-22 01:30:40','2024-06-07 20:34:20',8),(196,'COVER FOGLAMP KIRI',1,'B 1266 BPB',12,10,2,'2024-03-22','0000-00-00',NULL,'2024-03-22 01:32:10','2024-04-01 23:30:24',7),(197,'LAMPU DPN KIRI',1,'B 1266 BPB',12,10,2,'2024-03-22','0000-00-00',NULL,'2024-03-22 01:32:10','2024-04-01 23:30:12',4),(198,'LAMPU DPN KANAN',1,'B 1266 BPB',12,10,2,'2024-03-22','0000-00-00',NULL,'2024-03-22 01:32:10','2024-04-01 23:30:02',4),(199,'LAMPU STOP DPN R',1,'B 2905 BFP',10,5,1,'2024-03-22','0000-00-00',NULL,'2024-03-22 23:56:53','2024-03-22 23:56:53',0),(200,'LAMPU STOP',99,'B 9801 PBC',11,16,2,'2024-03-23','0000-00-00',NULL,'2024-03-22 23:58:56','2024-04-17 01:59:08',4),(201,'STIKER 4X4 2',99,'B 9801 PBC',11,16,2,'2024-03-23','0000-00-00',NULL,'2024-03-22 23:58:56','2024-04-17 01:58:53',4),(202,'HEADLAMP LH',1,'B 1545 TRO',12,10,1,'2024-03-23','0000-00-00',NULL,'2024-03-23 00:01:31','2024-03-23 00:01:31',4),(203,'LAMPU STOP LH',1,'B 1545 TRO',12,10,1,'2024-03-23','0000-00-00',NULL,'2024-03-23 00:01:31','2024-03-23 00:01:31',4),(204,'STIKER PINTU RR L',8,'B 2544 PKF',17,8,1,'2024-03-25','0000-00-00',NULL,'2024-03-26 19:52:19','2024-03-26 19:52:19',12),(205,'SPOILER FENDER DPN L',9,'B 1938 BJF',17,5,1,'2024-03-25','0000-00-00',NULL,'2024-03-26 19:53:20','2024-03-26 19:53:20',3),(206,'SPOILER FENDER R',104,'B 1757 UJO',17,5,1,'2024-03-25','0000-00-00',NULL,'2024-03-26 19:54:30','2024-03-29 21:51:47',3),(207,'KISI KISI BUMPER BWH',52,'B 2722 CBE',20,14,2,'2024-03-25','2024-05-20',NULL,'2024-03-26 19:57:09','2024-05-19 21:57:03',0),(208,'LINER FENDER LH',52,'B 2722 CBE',20,14,2,'2024-03-25','2024-05-20',NULL,'2024-03-26 19:57:21','2024-05-19 21:57:03',0),(209,'LOCK BAGASI',8,'B 2903 SYZ',22,3,2,'2024-03-25','2024-06-08',NULL,'2024-03-26 19:58:12','2024-06-07 20:31:28',7),(210,'COVER SPION L',1,'B 1545 TRO',12,10,1,'2024-03-25','0000-00-00',NULL,'2024-03-26 19:59:09','2024-03-26 19:59:09',0),(211,'COVER FOGLAMP L',93,'B 1774 SRJ',10,28,1,'2024-03-25','0000-00-00',NULL,'2024-03-26 20:00:54','2024-03-26 20:00:54',7),(212,'LAMPU STOP L',93,'B 1774 SRJ',10,28,2,'2024-03-25','0000-00-00',NULL,'2024-03-26 20:00:54','2024-04-03 19:50:20',4),(213,'KARET PINTU DEPAN R',93,'B 1774 SRJ',10,28,1,'2024-03-25','0000-00-00',NULL,'2024-03-26 20:00:54','2024-03-26 20:00:54',0),(214,'BUMPER DPN',93,'B 1967 FR',7,5,2,'2024-03-25','0000-00-00',NULL,'2024-03-26 20:01:41','2024-03-26 20:01:41',0),(215,'SPION L',93,'B 1189 JB',11,12,1,'2024-03-26','0000-00-00',NULL,'2024-03-26 20:03:12','2024-03-26 20:03:12',0),(216,'LIST PINTU FR RH KJ',26,'B 1405 POG',5,3,2,'2024-03-26','0000-00-00',NULL,'2024-03-26 20:05:19','2024-04-02 01:45:35',0),(217,'SPION R TANPA COVER',4,'B 1883 FJJ',13,24,1,'2024-03-26','0000-00-00',NULL,'2024-03-26 20:09:53','2024-03-26 20:09:53',0),(218,'LAMPU STOP R',93,'B 1968 UYD',10,28,2,'2024-03-26','0000-00-00','aldo/beli','2024-03-26 20:10:40','2024-03-29 20:28:10',0),(219,'KARET PINTU TENGAH L',8,'B 1912 JP',17,24,1,'2024-03-26','0000-00-00',NULL,'2024-03-26 20:11:58','2024-03-26 20:11:58',12),(220,'LAMPU STOP R',9,'B 2880 PBU',17,8,1,'2024-03-26','0000-00-00',NULL,'2024-03-26 20:12:41','2024-03-26 20:12:41',4),(221,'LAMPU SPOIILER BAGASI',93,'B 2497 TFZ',10,28,2,'2024-03-26','0000-00-00',NULL,'2024-03-26 20:14:13','2024-03-30 01:22:52',8),(222,'BUMPER BLKNG',1,'B 2016 POK',10,28,1,'2024-03-26','2024-06-07','rifki','2024-03-26 20:15:09','2024-06-07 00:40:03',0),(223,'BUMPER DPN',1,'D 1545 TRO',12,10,1,'2024-03-27','0000-00-00',NULL,'2024-03-27 02:05:27','2024-03-27 02:05:27',0),(224,'LINER FENDER',38,'B 136 ENT',14,19,1,'2024-03-27','0000-00-00',NULL,'2024-03-27 02:06:41','2024-03-27 02:06:41',4),(225,'SPOILER',38,'B 136 ENT',14,19,1,'2024-03-27','0000-00-00',NULL,'2024-03-27 02:06:41','2024-03-27 02:06:41',3),(226,'RIVET/CLIP',38,'B 136 ENT',14,19,1,'2024-03-27','0000-00-00','tempat emblem','2024-03-27 02:06:41','2024-03-27 02:06:55',8),(227,'BUMPER BLK',98,'B 1260 POP',15,3,2,'2024-03-27','0000-00-00',NULL,'2024-03-27 02:07:35','2024-03-27 02:07:35',0),(228,'COVER SPION L',1,'B 2810 POJ',11,3,1,'2024-03-27','0000-00-00',NULL,'2024-03-27 02:08:23','2024-03-27 02:08:23',4),(229,'SPION L',1,'B 2810 POJ',11,3,1,'2024-03-27','0000-00-00',NULL,'2024-03-27 02:08:23','2024-03-27 02:08:23',4),(230,'SHIELD FAN',100,'B 2787 JUL',10,28,1,'2024-03-27','0000-00-00',NULL,'2024-03-27 02:09:53','2024-03-27 02:09:53',3),(231,'SPOILER FENDER RR L',68,'--',1,28,1,'2024-03-28','0000-00-00',NULL,'2024-03-28 01:34:28','2024-03-28 01:34:28',3),(232,'BUMPER DPN',94,'B 2170 PKU',13,3,2,'2024-03-28','0000-00-00',NULL,'2024-03-28 01:35:36','2024-03-28 01:35:36',0),(233,'AS RODA RH',8,'B 2557 PKU',17,8,1,'2024-03-28','0000-00-00',NULL,'2024-03-28 01:39:05','2024-03-28 01:39:05',0),(234,'RETAINER RAD GRILL',4,'B 1298 JCW',11,3,1,'2024-03-28','2024-05-11',NULL,'2024-03-28 01:40:00','2024-05-10 20:45:17',0),(235,'MOULDING DEPAN KIRI',26,'B 1856 DFE',27,17,1,'2024-03-30','0000-00-00',NULL,'2024-03-29 21:38:52','2024-03-29 21:38:52',3),(236,'GRILLE BUMPER DPN',108,'B 1673 RKG',10,3,1,'2024-04-01','0000-00-00',NULL,'2024-04-01 02:15:03','2024-04-01 02:15:03',5),(237,'LIST CHROME BUMPER',108,'B 1673 RKG',10,3,1,'2024-04-01','0000-00-00','include grille','2024-04-01 02:15:04','2024-04-01 02:15:17',0),(238,'KACA DPN',26,'B 2047 PFD',18,5,2,'2024-04-01','2024-04-26',NULL,'2024-04-01 02:16:33','2024-04-25 19:34:55',5),(239,'MOULDING LINER',26,'B 2047 PFD',18,5,2,'2024-04-01','0000-00-00',NULL,'2024-04-01 02:16:33','2024-04-19 21:27:33',0),(240,'SPOILER SILVER BUMPER RR',115,'B 2163 SJB',20,5,2,'2024-04-01','0000-00-00',NULL,'2024-04-01 02:18:18','2024-04-22 00:35:08',0),(241,'KARPET RODA',93,'B 2388 DU',12,10,1,'2024-04-01','0000-00-00',NULL,'2024-04-01 02:20:47','2024-04-01 02:20:47',0),(242,'SPION RH',93,'B 2886 BRV',10,14,1,'2024-04-01','0000-00-00',NULL,'2024-04-01 02:22:24','2024-04-01 02:22:24',4),(243,'COVER SPION',93,'B 2886 BRV',10,14,1,'2024-04-01','0000-00-00',NULL,'2024-04-01 02:22:24','2024-04-01 02:22:24',8),(244,'LAMPU BELAKANG LH',38,'B 1368 DH',18,5,1,'2024-04-01','0000-00-00',NULL,'2024-04-01 02:23:22','2024-04-01 02:23:22',4),(245,'SPION L',21,'B 2680 BZT',10,28,1,'2024-04-01','0000-00-00',NULL,'2024-04-01 02:24:16','2024-04-01 02:24:16',0),(246,'COVER SPION L',38,'B 136 ENT',14,19,1,'2024-04-02','0000-00-00',NULL,'2024-04-02 02:09:27','2024-04-02 02:09:27',0),(247,'COVER SPION R ATAS',4,'B 1883 FJJ',2,24,1,'2024-04-02','0000-00-00',NULL,'2024-04-02 02:10:28','2024-04-02 02:10:28',7),(248,'LIST LAMPU DPN L',1,'B 2683 BYU',10,5,1,'2024-04-02','0000-00-00',NULL,'2024-04-02 02:12:01','2024-04-02 02:12:01',0),(249,'LAMPU DEPAN LH',1,'B 1789 POM',10,5,1,'2024-04-02','0000-00-00',NULL,'2024-04-02 02:13:00','2024-04-02 02:13:00',0),(250,'BUMPER DPN',11,'B 8732 PK',7,5,1,'2024-04-02','0000-00-00',NULL,'2024-04-02 02:14:11','2024-04-02 02:14:11',0),(251,'COVER FOGLAMP RH',54,'B 2722 CBE',20,14,2,'2024-04-03','2024-05-20',NULL,'2024-04-03 01:29:52','2024-05-19 21:57:03',7),(252,'BAN FR L',48,'B 181 AZO',15,3,1,'2024-04-03','0000-00-00',NULL,'2024-04-03 01:30:46','2024-04-03 01:30:46',0),(253,'LAMPU BLKNG L',93,'B 2958 CHN',7,5,1,'2024-04-03','0000-00-00',NULL,'2024-04-03 01:31:42','2024-04-03 01:31:42',0),(254,'SPION R',3,'B 2410 POY',7,5,1,'2024-04-03','0000-00-00',NULL,'2024-04-03 01:32:09','2024-04-03 01:32:09',0),(255,'BUMPER DPN',92,'B 1904 UYY',7,5,2,'2024-04-04','0000-00-00',NULL,'2024-04-04 02:02:04','2024-04-19 02:03:44',0),(256,'BUMPER DPN',20,'B 2779 POB',18,5,1,'2024-04-04','0000-00-00',NULL,'2024-04-04 02:03:42','2024-04-04 02:04:28',0),(257,'COVER FOGLAMP',20,'B 2779 POB',18,5,1,'2024-04-04','0000-00-00',NULL,'2024-04-04 02:03:42','2024-04-04 02:03:42',7),(258,'SPOILER BUMPER DPN L',20,'B 2779 POB',18,5,1,'2024-04-04','0000-00-00',NULL,'2024-04-04 02:03:42','2024-04-04 02:04:45',0),(259,'SPOILER  PINTU RR L',110,'L 1311 DM',8,5,1,'2024-04-05','0000-00-00',NULL,'2024-04-05 01:27:45','2024-04-05 01:27:45',3),(260,'BUMPER RR',110,'L 1311 DM',8,5,1,'2024-04-05','0000-00-00',NULL,'2024-04-05 01:27:45','2024-04-05 01:27:45',0),(261,'LAMPU RR R',110,'L 1311 DM',8,5,1,'2024-04-05','0000-00-00',NULL,'2024-04-05 01:27:46','2024-04-05 01:27:46',4),(262,'LAMPU SEIN SPION R',110,'L 1311 DM',8,5,1,'2024-04-05','0000-00-00',NULL,'2024-04-05 01:27:46','2024-04-05 01:28:13',8),(263,'BUMPER RR ATAS',93,'B 2958 CHR',7,5,2,'2024-04-05','0000-00-00',NULL,'2024-04-05 01:29:47','2024-04-22 00:34:57',0),(264,'HEADLAMP KIRI',93,'B 2654 PFN',4,28,1,'2020-03-03','0000-00-00','Stok, tgl catat 15/04/2024','2024-04-14 19:47:55','2024-04-14 19:55:00',0),(265,'LAMPU STOP KIRI',34,'--',4,28,1,'2024-04-15','0000-00-00','Stok, catat 15/04/2024. ga ada tgl terima','2024-04-14 19:52:32','2024-04-14 19:56:17',0),(266,'HEADLAMP LH',1,'B 2038 BOQ',4,28,1,'2020-08-03','0000-00-00','Stok, tgl catat 15/04/2024','2024-04-14 19:59:17','2024-04-14 19:59:17',0),(267,'SPION RH',39,'B 2270 PBM',4,28,1,'2021-11-29','0000-00-00','Stok, tgl catat 15/04/2024','2024-04-14 20:01:14','2024-04-14 20:01:14',0),(268,'HEADLAMP KIRI',111,'B 1751 UON',4,28,1,'2020-03-11','0000-00-00','Stok, tgl catat 15/04/2024','2024-04-14 20:02:52','2024-04-14 20:02:52',0),(269,'HEADLAMP KIRI',1,'B 1187 PIL',4,28,1,'2020-07-14','0000-00-00','Stok, tgl catat 15/04/2024','2024-04-14 20:03:45','2024-04-15 19:33:54',0),(270,'FOGLAMP KIRI, KANAN',112,'--',4,28,1,'2024-04-15','0000-00-00','Stok, ga ada tgl masuk, tgl catat 15/04/2024','2024-04-14 20:07:00','2024-04-14 20:07:00',0),(271,'LAMPU STOP RH',52,'--',4,28,1,'2024-04-16','0000-00-00','Stok','2024-04-15 19:57:57','2024-04-15 20:00:45',0),(272,'HEADLAMP LH',2,'--',4,28,1,'2024-04-16','0000-00-00','Stok. kijang LGX','2024-04-15 19:58:34','2024-04-15 20:00:30',0),(273,'LAMPU STOP LH',113,'--',4,28,1,'2024-04-16','0000-00-00','Stok','2024-04-15 19:59:51','2024-04-15 19:59:51',0),(274,'SPION KIRI',110,'B 2014 PFR',4,28,1,'2024-04-16','0000-00-00','Stok','2024-04-15 20:05:46','2024-04-15 20:05:46',0),(275,'LAMPU SEIN',110,'B 2014 PFR',4,28,1,'2024-04-16','0000-00-00','Stok','2024-04-15 20:05:46','2024-04-15 20:05:46',0),(276,'LAMPU DPN LH',52,'--',4,28,1,'2024-04-16','0000-00-00','Stok','2024-04-15 20:07:13','2024-04-15 20:07:13',0),(277,'LAMPU STOP LH',88,'--',4,28,1,'2024-04-16','0000-00-00','Stok','2024-04-15 20:08:49','2024-04-15 20:08:49',0),(278,'SPION R',21,'B 1545 DKO',11,3,1,'2024-04-16','0000-00-00',NULL,'2024-04-16 02:27:59','2024-04-16 02:27:59',4),(279,'GRILLE',93,'B 1307 ID',14,12,1,'2024-04-17','2024-06-08',NULL,'2024-04-17 02:50:22','2024-06-07 20:30:55',3),(280,'STIKER PINTU BLK R/H MERK TRD SPORTIO',3,'B 2715 BID',7,5,1,'2024-04-17','2024-06-14',NULL,'2024-04-17 02:51:53','2024-06-14 02:40:00',0),(281,'STIKER PINTU BLK L/H MERK TRD SPORTIO',3,'B 2715 BID',7,5,1,'2024-04-17','2024-06-14',NULL,'2024-04-17 02:52:56','2024-06-14 02:40:00',0),(282,'BREKET BUMPER L',13,'--',1,28,1,'2024-04-17','0000-00-00',NULL,'2024-04-17 02:53:41','2024-04-17 02:53:41',7),(283,'COVER TRISPLANG L',110,'L 1311 DM',8,5,1,'2024-04-17','0000-00-00',NULL,'2024-04-17 02:55:14','2024-04-17 02:55:14',0),(284,'SPOILER PINTU DEPAN LH',110,'L 1311 DM',8,5,1,'2024-04-17','0000-00-00',NULL,'2024-04-17 02:55:15','2024-04-17 02:55:15',4),(285,'LIST BUMPER BELAKANG RH',93,'B 2351 UKA',8,5,2,'2024-04-17','2024-04-25',NULL,'2024-04-17 02:56:23','2024-04-24 21:00:30',0),(286,'BUMPER BELAKANG',82,'B 2771 BZW',8,5,2,'2024-04-17','0000-00-00',NULL,'2024-04-17 02:57:47','2024-04-23 20:50:21',0),(287,'BRACKET BUMPER RR RH',82,'B 2771 BZW',8,5,2,'2024-04-17','0000-00-00',NULL,'2024-04-17 02:57:48','2024-04-23 20:50:11',7),(288,'LAMPU DPN R',93,'B 2351 UKA',8,5,1,'2024-04-17','0000-00-00',NULL,'2024-04-17 02:58:52','2024-04-17 02:58:52',4),(289,'LAMPU SEN FR RH BAWAH',93,'B 2351 UKA',8,5,2,'2024-04-17','2024-04-25',NULL,'2024-04-17 02:58:52','2024-04-24 21:00:04',4),(290,'LIST BUMPER DEPAN RH',93,'B 2351 UKA',8,5,2,'2024-04-17','2024-04-25',NULL,'2024-04-17 02:58:52','2024-04-24 21:00:19',3),(291,'TANDUK RR',93,'B 1482 SZE',14,13,2,'2024-04-18','2024-06-08',NULL,'2024-04-18 02:24:12','2024-06-07 20:30:30',0),(292,'LAMPU STOP RR L',93,'B 1482 SZE',14,13,2,'2024-04-18','2024-06-08',NULL,'2024-04-18 02:24:12','2024-06-07 20:30:29',4),(293,'BUMPER DPN',4,'B 2678 UBM',14,24,1,'2024-04-18','0000-00-00',NULL,'2024-04-18 02:24:53','2024-04-18 02:24:53',0),(294,'GRILLE RADIATOR',4,'B 2678 UBM',14,24,1,'2024-04-18','0000-00-00',NULL,'2024-04-18 02:24:53','2024-04-18 02:24:53',3),(295,'BUMPER DPN',2,'B 2040 BZX',29,2,1,'2024-04-18','0000-00-00',NULL,'2024-04-18 02:26:59','2024-04-18 02:26:59',0),(296,'MUDGUARD KIRI',2,'B 2040 BZX',29,2,1,'2024-04-18','0000-00-00',NULL,'2024-04-18 02:26:59','2024-04-18 02:26:59',7),(301,'BREKET BUMPER FR R',93,'B 2351 UKA',8,5,2,'2024-04-19','2024-04-25',NULL,'2024-04-19 01:54:09','2024-04-24 21:35:53',7),(302,'CLIP 5',93,'B 8338 VI',14,13,1,'2024-04-19','0000-00-00',NULL,'2024-04-19 01:54:48','2024-04-19 01:54:48',8),(303,'BUMPER FR',4,'B 1421 BJY',14,24,1,'2024-04-19','0000-00-00',NULL,'2024-04-19 01:55:22','2024-04-19 01:55:22',0),(316,'LAMPU STOP KIRI',7,'B 1669 WRL',1,28,2,'2024-04-20','0000-00-00',NULL,'2024-04-20 00:13:05','2024-04-20 00:52:28',4),(317,'SEN KANAN',93,'B 2040 BZX',29,2,1,'2024-04-20','0000-00-00',NULL,'2024-04-22 01:04:37','2024-04-22 01:25:37',0),(318,'COVER SPION L',93,'AB 1561 JRF',30,16,1,'2024-04-20','0000-00-00',NULL,'2024-04-22 01:06:45','2024-04-22 01:25:27',7),(319,'SPION ASSY L',93,'AB 1561 JRF',30,16,1,'2024-04-20','0000-00-00',NULL,'2024-04-22 01:06:45','2024-04-22 01:08:11',4),(320,'TALANG AIR L',93,'AB 1561 JRF',30,16,1,'2024-04-20','0000-00-00',NULL,'2024-04-22 01:06:46','2024-04-22 01:08:02',3),(321,'SPION R',93,'D 1186 JD',2,12,1,'2024-04-20','0000-00-00',NULL,'2024-04-22 01:07:36','2024-04-22 01:25:08',4),(322,'BREKET FR L',27,'B 1856 PLP',18,5,2,'2024-04-20','2024-04-27',NULL,'2024-04-22 01:26:48','2024-04-26 21:23:20',7),(323,'BUMPER DPN',27,'B 1856 PLP',18,5,1,'2024-04-20','0000-00-00',NULL,'2024-04-22 01:26:48','2024-04-22 01:26:48',0),(324,'TALANG AIR',27,'B 1856 PLP',18,5,1,'2024-04-20','0000-00-00',NULL,'2024-04-22 01:26:48','2024-04-22 01:26:48',4),(325,'LAMPU STOP KIRI',7,'B 1669 WRL',1,28,1,'2024-04-20','0000-00-00','perorangan','2024-04-22 01:27:52','2024-04-22 01:27:52',4),(326,'MOULDING GRILL',4,'B 2678 UBM',14,24,1,'2024-04-20','0000-00-00',NULL,'2024-04-22 01:28:52','2024-04-22 01:28:52',11),(327,'CLIP 1',4,'B 2678 UBM',14,24,1,'2024-04-20','0000-00-00',NULL,'2024-04-22 01:28:52','2024-04-22 01:28:52',11),(328,'BUMPER RR',93,'B 1482 SZE',14,13,2,'2024-04-20','2024-06-08',NULL,'2024-04-22 01:29:35','2024-06-07 20:30:29',0),(329,'GRIL RADIATOR',93,'B 8338 UL',14,13,1,'2024-04-20','0000-00-00',NULL,'2024-04-22 01:30:30','2024-04-22 01:30:30',3),(330,'HEADLAMP L',93,'B 8338 UL',14,13,1,'2024-04-20','0000-00-00',NULL,'2024-04-22 01:30:30','2024-04-22 01:30:30',4),(331,'HEADLAMP R',1,'B 2705 ULI',10,3,1,'2024-04-22','0000-00-00',NULL,'2024-04-22 01:31:43','2024-04-22 01:31:43',4),(332,'LIST R',1,'B 2705 ULI',10,3,1,'2024-04-22','0000-00-00',NULL,'2024-04-22 01:31:43','2024-04-22 01:31:43',11),(333,'BREKET BUMPER RR',22,'B 1382 RKR',18,5,2,'2024-04-22','0000-00-00',NULL,'2024-04-22 01:33:05','2024-04-22 23:22:30',7),(334,'BUMPER DPN',22,'B 1382 RKR',18,5,2,'2024-04-22','0000-00-00',NULL,'2024-04-22 01:33:05','2024-04-22 23:22:40',0),(335,'COVER FOGLAMP RH',22,'B 1382 RKR',18,5,2,'2024-04-22','0000-00-00',NULL,'2024-04-22 01:33:05','2024-04-22 23:22:22',7),(336,'GRILLE',22,'B 1382 RKR',18,5,2,'2024-04-22','0000-00-00',NULL,'2024-04-22 01:33:05','2024-04-22 23:22:12',3),(337,'LAMPU DPN RH',22,'B 1382 RKR',18,5,2,'2024-04-22','0000-00-00',NULL,'2024-04-22 01:33:05','2024-04-22 23:21:54',4),(338,'LINER FENDER LH',27,'B 1856 PLA',18,5,2,'2024-04-25','0000-00-00',NULL,'2024-04-22 01:33:46','2024-04-24 23:51:24',5),(339,'GRILLE RADIATOR',93,'B 8338 VL',14,13,1,'2024-04-22','0000-00-00',NULL,'2024-04-22 01:34:19','2024-04-24 01:34:03',3),(341,'FENDER LWR R',38,'B 136 ENT',14,19,1,'2024-04-23','0000-00-00',NULL,'2024-04-23 00:35:02','2024-04-24 01:33:28',8),(342,'LIST KAP MESIN',93,'B 8332 UL',14,13,1,'2024-04-23','2024-06-20',NULL,'2024-04-23 00:36:06','2024-06-20 09:23:56',0),(343,'TEST',68,'AAA',15,12,3,'2024-04-25','2024-04-25',NULL,'2024-04-23 23:29:40','2024-04-24 23:49:12',0),(344,'BUMPER DPN',11,'B 2876 BKB',17,5,1,'2024-04-24',NULL,NULL,'2024-04-24 20:24:44','2024-04-24 20:24:44',0),(345,'BUMPER DPN',116,'B 2871 PZP',22,3,1,'2024-04-24',NULL,NULL,'2024-04-24 20:27:54','2024-04-24 20:27:54',0),(346,'COVER TRISPLANG',116,'B 2871 PZP',22,3,1,'2024-04-24',NULL,NULL,'2024-04-24 20:27:54','2024-04-24 20:27:54',0),(347,'SPOILER PINTU RR L',116,'B 2871 PZP',22,3,1,'2024-04-24',NULL,NULL,'2024-04-24 20:27:54','2024-04-24 20:27:54',11),(348,'KACA PINTU BAGASI',82,'B 1416 PRV',22,3,1,'2024-04-24',NULL,NULL,'2024-04-24 20:28:36','2024-04-24 20:28:36',5),(349,'SEN SPION RH',93,'B 8368 ZZ',10,28,1,'2024-04-24',NULL,NULL,'2024-04-24 20:29:22','2024-04-24 20:29:22',0),(350,'BBBB',47,'TEST',21,20,3,'2024-04-25','2024-04-25',NULL,'2024-04-24 20:41:35','2024-04-24 23:50:42',9),(351,'SPION KANAN',93,'B 1134 PKG',2,12,1,'2024-04-25',NULL,NULL,'2024-04-24 23:08:45','2024-04-24 23:08:45',4),(352,'MOULDING R',68,'B 8053 UB',15,28,2,'2024-04-25','2024-05-22',NULL,'2024-04-25 00:26:06','2024-05-22 01:06:28',3),(353,'COVER FOGLAMP',3,'B 2464 UOZ',19,8,2,'2024-04-25','2024-04-30',NULL,'2024-04-25 00:27:15','2024-04-30 00:38:39',4),(354,'AS RODA FR R',100,'B 2604 BYC',19,8,2,'2024-04-25','2024-04-27',NULL,'2024-04-25 00:29:36','2024-04-26 21:06:43',3),(355,'BAN BRIDGESTONE',100,'B 2604 BYC',19,8,2,'2024-04-25','2024-05-27',NULL,'2024-04-25 00:29:36','2024-05-26 23:54:51',3),(356,'CLIPAN LINER',100,'B 2604 BYC',19,8,1,'2024-04-25','2024-05-27',NULL,'2024-04-25 00:29:36','2024-05-26 23:54:51',8),(357,'PENTIL',100,'B 2604 BYC',19,8,1,'2024-04-25','2024-05-27',NULL,'2024-04-25 00:29:36','2024-05-26 23:54:50',8),(358,'CROSSMEMBER CHASIS DEPAN',100,'B 2604 BYC',19,8,2,'2024-04-25','2024-04-27',NULL,'2024-04-25 00:29:36','2024-04-26 20:57:53',5),(359,'LINER FENDER DPN R',100,'B 2604 BYC',19,8,2,'2024-04-25','2024-05-08',NULL,'2024-04-25 00:29:36','2024-05-08 00:13:08',4),(360,'VELG DPN KANAN',100,'B 2604 BYC',19,8,2,'2024-04-25','2024-05-27',NULL,'2024-04-25 00:29:36','2024-05-26 23:54:50',4),(361,'COVER DEREK',11,'L 1 KA',7,5,2,'2024-04-25','2024-04-30',NULL,'2024-04-25 02:12:00','2024-04-30 01:42:14',8),(362,'COVER FOGLAMP R',11,'L 1 KA',7,5,2,'2024-04-25','2024-04-30',NULL,'2024-04-25 02:12:01','2024-04-30 01:42:03',11),(363,'LAMPU DPN R',11,'L 1 KA',7,5,2,'2024-04-25','2024-04-30',NULL,'2024-04-25 02:12:01','2024-04-30 01:41:54',4),(364,'BUMPER DPN',68,'B 9090 OPO',4,28,2,'2024-04-26',NULL,NULL,'2024-04-25 19:50:40','2024-04-25 19:50:46',4),(365,'TEST B',68,'B 1968 TKY',4,28,3,'2024-04-26',NULL,NULL,'2024-04-25 20:23:15','2024-04-25 20:23:45',7),(366,'TEST',68,'B 1968 TKY',4,28,3,'2024-04-26','2024-04-26',NULL,'2024-04-25 20:24:15','2024-04-25 20:39:30',6),(367,'TEST',68,'B 9090 JKL',4,28,3,'2024-04-26','2024-04-26',NULL,'2024-04-25 21:05:52','2024-04-25 22:58:18',5),(368,'BREKET L',8,'K 1534',1,28,2,'2024-04-26','2024-04-27',NULL,'2024-04-26 01:43:28','2024-04-26 20:49:09',7),(369,'BREKET R',8,'K 1534',1,28,2,'2024-04-26','2024-04-27',NULL,'2024-04-26 01:43:28','2024-04-26 20:49:37',7),(370,'KAP BAGASI',42,'B 1393 URL',5,24,1,'2024-04-26','2024-06-20',NULL,'2024-04-26 01:44:14','2024-06-20 09:23:56',0),(371,'LIST ROOF',42,'B 1393 URL',5,24,1,'2024-04-26',NULL,NULL,'2024-04-26 01:44:14','2024-04-26 01:44:14',0),(372,'COVER',42,'B 1393 URL',5,24,1,'2024-04-26',NULL,NULL,'2024-04-26 01:44:14','2024-04-26 01:44:14',0),(373,'ARM DEPAN KANAN',100,'B 2604 BYC',19,8,2,'2024-04-26','2024-04-27',NULL,'2024-04-26 01:44:49','2024-04-26 20:57:32',5),(374,'BUMPER',42,'B 1393 URL',4,28,1,'2024-04-27',NULL,NULL,'2024-04-29 19:14:08','2024-04-29 19:14:08',0),(375,'SPOILER BUMPER DEPAN R',93,'B 2501 PEW',7,5,1,'2024-04-29',NULL,NULL,'2024-04-29 19:15:59','2024-04-29 19:15:59',3),(376,'SPOILER FENDER R',93,'B 2501 PEW',7,5,1,'2024-04-29',NULL,NULL,'2024-04-29 19:15:59','2024-04-29 19:15:59',3),(377,'SPOILER QUARTER PANEL R',93,'B 2501 PEW',7,5,1,'2024-04-29',NULL,NULL,'2024-04-29 19:15:59','2024-04-29 19:15:59',3),(378,'KACA DPN',117,'B 2551 JBA',12,10,2,'2024-04-29','2024-05-14',NULL,'2024-04-29 19:18:17','2024-05-13 19:39:59',3),(379,'MOULDING KACA INCLUDE',117,'B 2551 JBA',12,10,2,'2024-04-29','2024-05-14',NULL,'2024-04-29 19:18:18','2024-05-13 19:39:52',0),(380,'CLIPAN LINER FENDER 4',27,'B 1856 PLP',18,10,1,'2024-04-29',NULL,NULL,'2024-04-29 19:19:25','2024-04-29 19:19:25',0),(381,'MOTOR AIR WIPER',27,'B 1856 PLP',18,10,1,'2024-04-29',NULL,NULL,'2024-04-29 19:19:25','2024-04-29 19:19:25',0),(382,'TABUNG AIR WIPER',27,'B 1856 PLP',18,10,1,'2024-04-29',NULL,NULL,'2024-04-29 19:19:25','2024-04-29 19:19:25',0),(383,'SPOILER BUMPER DPN',9,'B 1942 SJZ',22,3,1,'2024-04-29',NULL,NULL,'2024-04-29 19:20:04','2024-04-29 19:20:04',0),(384,'BUMPER DPN',11,'L 1 KA',7,5,2,'2024-04-29','2024-04-30',NULL,'2024-04-29 19:20:33','2024-04-30 01:41:34',0),(385,'BAN',9,'B 1942 SJZ',22,3,1,'2024-04-30',NULL,NULL,'2024-04-30 00:37:58','2024-04-30 00:37:58',3),(386,'BREKET / DUDUKAN KAMERA DEPAN',60,'B 411 KLO',31,23,1,'2024-05-02','2024-06-21',NULL,'2024-05-02 02:44:07','2024-06-21 04:02:11',0),(387,'HEADLAMP L',1,'B 1456 PKE',7,5,1,'2024-05-02',NULL,NULL,'2024-05-02 02:45:29','2024-05-02 02:45:29',4),(388,'HEADLAMP R',1,'B 1456 PKE',7,5,1,'2024-05-02',NULL,NULL,'2024-05-02 02:46:13','2024-05-02 02:46:13',4),(389,'LIST BUMPER DEPAN BAWAH NEKEL',108,'B 8662 ZB',10,3,2,'2024-05-02','2024-05-11',NULL,'2024-05-02 02:48:52','2024-05-10 20:34:31',3),(390,'LIST KAP BAGASI NEKEL',108,'B 8662 ZB',10,3,2,'2024-05-02','2024-05-11',NULL,'2024-05-02 02:48:52','2024-05-10 20:34:23',3),(391,'BAN RODA',93,'B 1388 DR',8,5,2,'2024-05-02','2024-05-03',NULL,'2024-05-02 02:49:49','2024-05-02 23:54:30',3),(392,'VELG',93,'B 1388 DR',8,5,2,'2024-05-02','2024-05-03',NULL,'2024-05-02 02:49:49','2024-05-02 23:54:21',4),(393,'SPOILER BUMPER DEPAN',93,'B 1388 DR',8,5,1,'2024-05-02',NULL,NULL,'2024-05-02 02:49:49','2024-05-02 02:49:49',0),(394,'VELG',38,'B 136 TNT',14,19,1,'2024-05-03',NULL,NULL,'2024-05-03 02:24:03','2024-05-03 02:24:03',4),(395,'SPOILER BUMPER',45,'B 2170 POV',23,24,1,'2024-05-04',NULL,NULL,'2024-05-04 01:43:11','2024-05-04 01:43:11',3),(396,'KARET LUMPUR DEPAN KANAN',45,'B 2170 POV',23,24,1,'2024-05-04',NULL,NULL,'2024-05-04 01:43:11','2024-05-04 01:43:11',5),(397,'BUMPER DEPAN',45,'B 2170 POV',23,24,1,'2024-05-04',NULL,NULL,'2024-05-04 01:43:11','2024-05-04 01:43:11',0),(398,'KNUCKLE DEPAN KANAN',100,'B 2604 BYC',19,8,1,'2024-05-06','2024-05-27',NULL,'2024-05-06 00:42:53','2024-05-26 23:54:50',4),(399,'UNIT ASSY SRS',68,'B 2557 PKN',4,28,1,'2024-05-06','2024-05-07',NULL,'2024-05-06 23:26:00','2024-05-06 23:29:20',0),(400,'HEADLAMP RH',4,'B 1302 UJM',16,83,1,'2024-05-08',NULL,NULL,'2024-05-10 02:17:28','2024-05-10 02:17:28',0),(401,'COVER FOGLAMP RH',6,'B 2387 UFO',10,3,1,'2024-05-08',NULL,NULL,'2024-05-10 02:18:42','2024-05-10 02:18:42',0),(402,'SPOILER BUMPER FR',93,'B 2829 PZX',10,28,2,'2024-05-08','2024-06-08',NULL,'2024-05-10 02:20:07','2024-06-07 20:28:15',3),(403,'SEN SPION R',93,'B 2829 PZX',10,28,1,'2024-05-08','2024-06-08',NULL,'2024-05-10 02:20:07','2024-06-07 20:28:15',8),(404,'REFLEKTOR L',93,'B 2829 PZX',10,28,1,'2024-05-08','2024-06-08',NULL,'2024-05-10 02:20:08','2024-06-07 20:28:15',4),(405,'BUMPER FR',4,'B 1298 JCW',11,3,1,'2024-05-08',NULL,NULL,'2024-05-10 02:20:46','2024-05-10 02:20:46',0),(406,'GRILLE',4,'B 1298 JCW',11,3,1,'2024-05-08',NULL,NULL,'2024-05-10 02:22:24','2024-05-10 02:22:24',3),(407,'EMBLEM TOYOTA',4,'B 1298 JCW',11,3,1,'2024-05-08',NULL,NULL,'2024-05-10 02:22:24','2024-05-10 02:22:24',0),(408,'LIST FR L',4,'B 1298 JCW',11,3,1,'2024-05-08',NULL,NULL,'2024-05-10 02:22:24','2024-05-10 02:22:24',0),(409,'BUMPER FR',93,'B 2156 BYH',13,14,1,'2024-05-08',NULL,NULL,'2024-05-10 02:23:19','2024-05-10 02:23:19',0),(410,'LIST FENDER R',93,'B 2156 BYH',13,14,1,'2024-05-08',NULL,NULL,'2024-05-10 02:23:19','2024-05-10 02:23:19',0),(411,'MUDGUARD RR L',93,'B 2156 BYH',13,14,1,'2024-05-08',NULL,NULL,'2024-05-10 02:23:19','2024-05-10 02:23:19',0),(412,'COVER UNDER R',5,'B 2964 POH',14,24,1,'2024-05-10','2024-05-10',NULL,'2024-05-10 02:24:14','2024-05-10 02:28:02',0),(413,'COVER UNDER L',5,'B 2964 POH',14,24,1,'2024-05-10','2024-05-10',NULL,'2024-05-10 02:24:14','2024-05-10 02:27:49',0),(414,'SPOILER BUMPER RR',93,'B 2829 PZX',10,22,1,'2024-05-10','2024-06-08','ZENIX','2024-05-10 02:27:14','2024-06-07 20:28:15',0),(415,'GRILL DEPAN',7,'B 2586 POA',7,5,2,'2024-05-11','2024-05-11',NULL,'2024-05-11 01:17:12','2024-05-11 01:19:35',4),(416,'LIST GRILL',7,'B 2586 POA',7,5,2,'2024-05-11','2024-05-11',NULL,'2024-05-11 01:17:12','2024-05-11 01:19:30',4),(417,'LAMPU BELAKANG RH',7,'B 2586 POA',7,5,2,'2024-05-11','2024-05-11',NULL,'2024-05-11 01:17:12','2024-05-11 01:19:26',4),(418,'LAMPU BELAKANG LH',7,'B 2586 POA',7,5,2,'2024-05-11','2024-05-11',NULL,'2024-05-11 01:17:12','2024-05-11 01:19:18',4),(419,'STIKER TRANSPARAN PINTU BELAKANG RH',8,'B 2131 JUM',1,10,1,'2024-05-11',NULL,NULL,'2024-05-11 01:36:45','2024-05-11 01:36:45',5),(420,'STIKER TRANSPARAN PINTU BELAKANG LH',8,'B 2131 JUM',1,10,1,'2024-05-11',NULL,NULL,'2024-05-11 01:36:45','2024-05-11 01:36:45',5),(421,'LINER FENDER L',93,'B 2158 BYH',13,14,1,'2024-05-13',NULL,NULL,'2024-05-13 00:30:46','2024-05-13 00:30:46',0),(422,'LIST NECKEL PINTU DEPAN KANAN ATAS',118,'B 1832 SAS',10,3,1,'2024-05-13',NULL,NULL,'2024-05-13 00:31:44','2024-05-13 00:31:44',3),(423,'STIKER GR RH',5,'B 2964 POH',10,28,1,'2024-05-13',NULL,NULL,'2024-05-13 00:33:01','2024-05-13 00:33:01',12),(424,'LAMPU DEPAN LH',119,'B 1154 BAI',7,5,1,'2024-05-13',NULL,NULL,'2024-05-13 00:34:30','2024-05-13 00:34:30',4),(425,'SPION RH TANPA COVER',93,'B 2861 PZO',10,3,1,'2024-05-13',NULL,NULL,'2024-05-13 00:35:19','2024-05-13 00:35:19',0),(426,'GRILLE RADIATOR',120,'B 8 SSS',10,3,2,'2024-05-13','2024-06-04',NULL,'2024-05-13 00:36:40','2024-06-04 00:35:01',0),(427,'COVER BULLHEAD DEPAN LH',1,'B 1359 IO',10,3,1,'2024-05-13',NULL,NULL,'2024-05-13 00:39:55','2024-05-13 00:39:55',0),(428,'COVER BULLHEAD DEPAN TENGAH',1,'B 1359 IO',10,3,1,'2024-05-13',NULL,NULL,'2024-05-13 00:39:55','2024-05-13 00:39:55',0),(429,'COVER PLASTIK STIR BAWAH',1,'B 1359 IO',10,3,1,'2024-05-13',NULL,NULL,'2024-05-13 00:39:55','2024-05-13 00:39:55',0),(430,'CROSSMEMBER DUDUKAN BAWAH MESIN',1,'B 1359 IO',10,3,2,'2024-05-13','2024-05-27',NULL,'2024-05-13 00:39:55','2024-05-26 23:55:28',0),(431,'KNUCKLE DEPAN RH',1,'B 1359 IO',10,3,1,'2024-05-13',NULL,NULL,'2024-05-13 00:39:55','2024-05-13 00:39:55',0),(432,'MANGKOK COPEL BAG DEPAN',1,'B 1359 IO',10,3,1,'2024-05-13',NULL,NULL,'2024-05-13 00:39:55','2024-05-13 00:39:55',0),(433,'SPOILER BEMPER DEPAN',121,'B 8055 EV',23,8,1,'2024-05-13',NULL,NULL,'2024-05-13 00:52:46','2024-05-13 00:52:46',3),(434,'COVER FOGLAMP KIRI',1,'B 2723 PZII',10,17,1,'2024-05-13',NULL,NULL,'2024-05-13 02:10:06','2024-05-13 02:10:06',8),(435,'LIST CHROME FOGLAMP KIRI',1,'B 2723 PZII',10,17,1,'2024-05-13',NULL,NULL,'2024-05-13 02:10:06','2024-05-13 02:10:06',3),(436,'ZZTEST',68,'B 0000 GG',9,5,3,'2024-05-16','2024-05-14',NULL,'2024-05-13 23:23:12','2024-05-13 23:23:32',5),(437,'LIST CHROME BUMPER DEPAN',26,'B 2808 BIY',1,10,1,'2024-05-14',NULL,NULL,'2024-05-14 01:13:47','2024-05-14 01:13:47',0),(438,'HEADLAMP L',26,'B 2808 BIY',1,10,1,'2024-05-14',NULL,NULL,'2024-05-14 01:13:47','2024-05-14 01:13:47',0),(439,'BEARING KNACKEL DEPAN KANAN',11,'B 1138 TKL',1,10,2,'2024-05-14','2024-05-20',NULL,'2024-05-14 02:33:07','2024-05-19 23:27:43',0),(440,'BUMPER DEPAN',11,'B 1138 TKL',1,10,2,'2024-05-14','2024-05-20',NULL,'2024-05-14 02:33:07','2024-05-19 23:27:43',0),(441,'KANCING BUMPER DEPAN',11,'B 1138 TKL',1,10,2,'2024-05-14','2024-05-20',NULL,'2024-05-14 02:33:07','2024-05-19 23:27:43',0),(442,'LINER FENDER DEPAN KANAN',11,'B 1138 TKL',1,10,2,'2024-05-14','2024-05-20',NULL,'2024-05-14 02:33:07','2024-05-19 23:27:43',5),(443,'SHOCKBREAKER DEPAN KANAN',11,'B 1138 TKL',1,10,2,'2024-05-14','2024-05-20',NULL,'2024-05-14 02:33:07','2024-05-19 23:27:04',0),(444,'TEAROD PANJANG DEPAN KANAN',11,'B 1138 TKL',1,10,2,'2024-05-14','2024-05-20',NULL,'2024-05-14 02:33:07','2024-05-19 23:27:04',0),(445,'KISI-KISI BUMPER',11,'B 1138 TKL',1,10,2,'2024-05-14','2024-05-20',NULL,'2024-05-14 02:33:08','2024-05-19 23:27:04',3),(446,'TESTT',68,'B 888 9 9',30,17,3,'2024-05-15','2024-05-15',NULL,'2024-05-14 20:13:48','2024-05-14 20:43:42',0),(447,'TSTRE',68,'B 888 9 9',30,17,3,'2024-05-15','2024-05-15',NULL,'2024-05-14 20:13:48','2024-05-14 20:43:25',0),(448,'TEST',68,'B 6767 YY',4,28,3,'2024-05-24','2024-05-15',NULL,'2024-05-14 20:50:24','2024-05-14 20:51:26',0),(449,'TRSR',68,'B 6767 YY',4,28,3,'2024-05-24','2024-05-15',NULL,'2024-05-14 20:50:24','2024-05-14 20:51:16',0),(450,'TEST',68,'B 6767 YY',4,28,3,'2024-05-24','2024-05-15',NULL,'2024-05-14 20:50:24','2024-05-14 20:51:05',0),(451,'SPOILER QUARTER L',122,'B 1709 HOH',14,17,2,'2024-05-15','2024-05-27',NULL,'2024-05-15 23:28:33','2024-05-27 01:46:34',0),(452,'KLIP 8',4,'B 1298 JCW',11,3,1,'2024-05-15',NULL,NULL,'2024-05-15 23:29:09','2024-05-15 23:29:09',8),(453,'BUMPER RR',13,'B 1437 UJU',1,5,1,'2024-05-15',NULL,NULL,'2024-05-15 23:29:46','2024-05-15 23:29:46',0),(454,'BUMPER RR',1,'B  POM',10,28,1,'2024-05-15',NULL,NULL,'2024-05-15 23:30:31','2024-05-15 23:30:31',0),(455,'TUTUP TOWING RR R',1,'B  POM',10,28,1,'2024-05-15',NULL,NULL,'2024-05-15 23:30:32','2024-05-15 23:30:32',0),(456,'GRILLE',93,'B  SSS',10,3,2,'2024-05-15','2024-06-04',NULL,'2024-05-15 23:31:06','2024-06-04 00:35:01',0),(457,'KLIP 10',93,'B  SSS',10,3,2,'2024-05-15','2024-06-04',NULL,'2024-05-15 23:31:06','2024-06-04 00:35:01',0),(458,'BUMPER RR',8,'BG 1255 OT',22,3,2,'2024-05-16','2024-05-29',NULL,'2024-05-15 23:32:21','2024-05-29 00:37:49',0),(459,'SPOILER QUARTER LH',8,'BG 1255 OT',22,3,2,'2024-05-16','2024-05-29',NULL,'2024-05-15 23:32:21','2024-05-29 00:37:49',0),(460,'SPOILER QUARTER RH',8,'BG 1255 OT',22,3,2,'2024-05-16','2024-05-29',NULL,'2024-05-15 23:32:21','2024-05-29 00:37:49',0),(461,'MOLDING PINTU RR',98,'B 2499 TYN',32,28,1,'2024-05-16',NULL,NULL,'2024-05-15 23:33:31','2024-05-15 23:33:31',0),(462,'LINER FENDER L',1,'W 1705 WK',10,3,1,'2024-05-16',NULL,NULL,'2024-05-15 23:34:02','2024-05-15 23:34:02',0),(463,'SPION ASSY LH',28,'D 1056 CI',5,3,1,'2024-05-16',NULL,NULL,'2024-05-16 02:40:52','2024-05-16 02:40:52',4),(464,'MUDGUARD FENDER LH',93,'B 1460 PIP',10,3,1,'2024-05-16',NULL,NULL,'2024-05-16 02:42:21','2024-05-16 02:42:21',12),(465,'MUDGUARD QUARTER LH',93,'B 1460 PIP',10,3,1,'2024-05-16',NULL,NULL,'2024-05-16 02:42:21','2024-05-16 02:42:21',12),(466,'BUMPER DPN',119,'B 1154 BAI',7,5,1,'2024-05-16',NULL,NULL,'2024-05-16 02:42:54','2024-05-16 02:42:54',0),(467,'KACA DPN',1,'B 2063 PZC',10,3,2,'2024-05-17','2024-05-28',NULL,'2024-05-17 02:44:08','2024-05-27 20:16:03',0),(468,'MOULDING KACA',1,'B 2063 PZC',10,3,2,'2024-05-17','2024-05-28',NULL,'2024-05-17 02:44:08','2024-05-27 20:16:02',0),(469,'HEADLAMP L',68,'B 1428 WVQ',2,28,2,'2024-05-17','2024-06-08',NULL,'2024-05-17 02:45:12','2024-06-07 20:27:28',0),(470,'GRILLE RADIATOR',68,'B 1428 WVQ',2,28,2,'2024-05-17','2024-06-08',NULL,'2024-05-17 02:45:12','2024-06-07 20:27:28',0),(471,'BREKET',93,'B 1997 VH',10,3,2,'2024-05-17','2024-05-17',NULL,'2024-05-17 02:46:01','2024-05-17 02:46:01',0),(472,'BUMPER DEPAN',93,'B 1997 VH',10,3,2,'2024-05-17','2024-05-17',NULL,'2024-05-17 02:46:01','2024-05-17 02:46:01',0),(473,'STICKER TRASPARAN PINTU BELAKANG KANAN',8,'B 2842 UFW',17,19,1,'2024-05-17',NULL,NULL,'2024-05-17 02:48:13','2024-05-17 02:48:13',0),(474,'STICKER TRASPARAN PINTU BELAKANG KIRI',8,'B 2842 UFW',17,19,1,'2024-05-17',NULL,NULL,'2024-05-17 02:48:14','2024-05-17 02:48:14',0),(475,'SUPPORT SHOCKBREKER DEPAN KANAN BENGKOK',100,'B 2604 BYC',19,8,2,'2024-05-17','2024-05-21',NULL,'2024-05-17 02:49:42','2024-05-20 19:04:49',0),(476,'HEADLAMP RH',123,'B 1428 WLQ',2,8,2,'2024-05-18','2024-06-08',NULL,'2024-05-18 00:37:42','2024-06-07 20:27:28',4),(477,'AS RODA DEPAN KANAN',11,'B 1138 TKL',1,10,2,'2024-05-18','2024-05-20',NULL,'2024-05-18 00:39:40','2024-05-19 23:27:04',0),(478,'ARM DEPAN KANAN',11,'B 1138 TKL',1,10,2,'2024-05-18','2024-05-20',NULL,'2024-05-18 00:39:40','2024-05-19 23:27:04',0),(479,'BREKET BUMPER FR R',11,'B 1138 TKL',1,10,2,'2024-05-18','2024-05-20',NULL,'2024-05-18 00:39:40','2024-05-19 23:27:03',0),(480,'BREKET BUMPER FR L',11,'B 1138 TKL',1,10,2,'2024-05-18','2024-05-20',NULL,'2024-05-18 00:39:40','2024-05-19 23:27:03',0),(481,'LINK STABILIZER',11,'B 1138 TKL',1,10,2,'2024-05-18','2024-05-20',NULL,'2024-05-18 00:39:40','2024-05-19 23:27:03',0),(482,'RACKSTIR',11,'B 1138 TKL',1,10,2,'2024-05-18','2024-05-20',NULL,'2024-05-18 00:39:40','2024-05-19 23:27:03',0),(483,'TEAROD DEPAN KANAN',11,'B 1138 TKL',1,10,2,'2024-05-18','2024-05-20',NULL,'2024-05-18 00:39:40','2024-05-19 23:27:03',0),(484,'SPOILER BUMPER DEPAN',8,'BG 1255 OT',22,3,2,'2024-05-18','2024-05-29',NULL,'2024-05-18 01:21:01','2024-05-29 00:37:49',3),(485,'REFLEKTOR BAGASI',8,'B 2117 BFA',16,8,2,'2024-05-20','2024-06-20',NULL,'2024-05-20 19:16:19','2024-06-20 09:41:09',4),(486,'STICKER TRANSPARANT PINTU LH',8,'B 2117 BFA',17,8,2,'2024-05-20','2024-06-20',NULL,'2024-05-20 19:16:19','2024-06-20 09:41:09',11),(487,'STICKER TRANSPARANT PINTU RH',8,'B 2117 BFA',17,8,2,'2024-05-20','2024-06-20',NULL,'2024-05-20 19:16:19','2024-06-20 09:41:09',11),(488,'MUDGUARD L',108,'B 1793 WZV',11,1,1,'2024-05-20',NULL,NULL,'2024-05-20 19:19:59','2024-05-20 19:19:59',11),(489,'SPION R',26,'B 1282 PRS',33,19,1,'2024-05-20',NULL,NULL,'2024-05-20 19:57:24','2024-05-20 19:57:24',4),(490,'COVER SPION',26,'B 1282 PRS',33,19,1,'2024-05-20',NULL,NULL,'2024-05-20 19:57:24','2024-05-20 19:57:24',4),(491,'BUMPER DPN',93,'B 2235 UOC',7,5,1,'2024-05-20',NULL,NULL,'2024-05-20 19:58:52','2024-05-20 19:58:52',0),(492,'SPOILER BUMPER BLK RH',4,'B 2356 SJD',10,3,2,'2024-05-20','2024-06-08',NULL,'2024-05-20 20:01:28','2024-06-07 20:26:35',0),(493,'SPOILER QUARTER RH',4,'B 2356 SJD',10,3,2,'2024-05-20','2024-06-08',NULL,'2024-05-20 20:01:28','2024-06-07 20:26:35',0),(494,'GRILLE',93,'B 2197 BIQ',10,3,2,'2024-05-20','2024-07-01',NULL,'2024-05-20 20:03:05','2024-07-01 03:17:23',0),(495,'HEADLAMP R',93,'B 2197 BIQ',10,3,2,'2024-05-20','2024-07-01',NULL,'2024-05-20 20:03:05','2024-07-01 03:17:05',0),(496,'BEARING SUUPORT SHOCKBREKER DEPAN KANAN',100,'B 2664 BYC',19,8,1,'2024-05-20',NULL,NULL,'2024-05-20 20:04:59','2024-05-20 20:04:59',0),(497,'SPOILER BUMPER DEPAN LH',124,'F 1252 FAS',15,3,1,'2024-05-21',NULL,NULL,'2024-05-21 02:34:33','2024-05-21 02:34:33',3),(498,'SPOILER FENDER LH',124,'F 1252 FAS',15,3,1,'2024-05-21',NULL,NULL,'2024-05-21 02:34:33','2024-05-21 02:34:33',3),(499,'STIKER TRD BODY KIRI',5,'B 2373 BRN',10,3,2,'2024-05-21','2024-06-08',NULL,'2024-05-21 02:37:17','2024-06-07 20:25:43',0),(500,'HANDLE PINTU DEPAN LUAR',27,'B 1010 NH',18,5,2,'2024-05-21','2024-05-25',NULL,'2024-05-21 02:39:11','2024-05-25 00:37:48',8),(501,'LAMPU DEPAN',27,'B 1010 NH',18,5,2,'2024-05-21','2024-05-25',NULL,'2024-05-21 02:39:11','2024-05-25 00:37:48',4),(502,'SPION LH ASY NON COVER',26,'B 2845 SRC',13,24,2,'2024-05-22','2024-05-30',NULL,'2024-05-22 02:04:35','2024-05-30 00:34:28',0),(503,'LINER FENDER R',108,'B 1793 NZV',11,1,1,'2024-05-22',NULL,NULL,'2024-05-22 02:05:14','2024-05-22 02:05:14',0),(504,'COVER FOGLAMP NEKEL DEPAN KANAN',118,'B 88 JJ',12,10,1,'2024-05-22',NULL,NULL,'2024-05-22 02:06:32','2024-05-22 02:06:32',0),(505,'REFLEKTOR BEMPER BELAKANG KIRI',118,'B 88 JJ',12,10,1,'2024-05-22',NULL,NULL,'2024-05-22 02:06:32','2024-05-22 02:06:32',0),(506,'BUMPER',93,'B 2915 PKF',7,5,1,'2024-05-22',NULL,NULL,'2024-05-22 02:08:11','2024-05-22 02:08:11',0),(507,'LAMPU DEPAN LH',93,'B 2915 PKF',7,5,1,'2024-05-22',NULL,NULL,'2024-05-22 02:08:11','2024-05-22 02:08:11',4),(508,'LAMPU PINTU BAGASI RH',93,'B 2915 PKF',7,5,1,'2024-05-22',NULL,NULL,'2024-05-22 02:08:11','2024-05-22 02:08:11',4),(509,'KACA SPION (DI DUS LAMPU)',93,'B 2915 PKF',7,5,1,'2024-05-22',NULL,NULL,'2024-05-22 02:08:12','2024-05-22 02:08:12',4),(510,'BUMPER FR',7,'B 1534 DM',16,8,1,'2024-05-24',NULL,NULL,'2024-05-24 02:46:07','2024-05-24 02:46:07',0),(511,'SPOILER PINTU BLK RH',27,'B 1010 NH',18,5,2,'2024-05-24','2024-05-24',NULL,'2024-05-24 02:46:45','2024-05-25 00:37:48',0),(512,'SUSPENSI/CROSSMEMBER ARM',11,'B 1138 TKL',1,10,2,'2024-05-24','2024-05-27',NULL,'2024-05-24 02:47:36','2024-05-26 21:12:50',5),(513,'BUMPER DPN',4,'B 1613 PJS',8,5,2,'2024-05-24','2024-05-25',NULL,'2024-05-24 02:49:15','2024-05-25 00:32:33',0),(514,'LAMPU DEPAN R',4,'B 1613 PJS',8,5,2,'2024-05-24','2024-05-31',NULL,'2024-05-24 02:49:15','2024-05-31 01:39:56',4),(515,'LIST NEKEL LAMPU R',4,'B 1613 PJS',8,5,2,'2024-05-24','2024-05-31',NULL,'2024-05-24 02:49:15','2024-05-31 01:39:56',3),(516,'LIST NEKEL LAMPU L',4,'B 1613 PJS',8,5,2,'2024-05-24','2024-05-31',NULL,'2024-05-24 02:49:15','2024-05-31 01:39:56',3),(517,'SPOILER TRP',4,'B 1613 PJS',8,5,2,'2024-05-24','2024-05-31',NULL,'2024-05-24 02:49:15','2024-05-31 01:39:56',11),(518,'BUMPER DPN',4,'B 1273 PJM',8,5,2,'2024-05-24','2024-05-24',NULL,'2024-05-24 02:50:24','2024-05-24 02:50:37',0),(519,'LAMPU BAGASI L',4,'B 1273 PJM',8,5,2,'2024-05-24','2024-05-24',NULL,'2024-05-24 02:50:24','2024-05-24 02:50:37',0),(520,'SPION L',4,'B 1273 PJM',8,5,1,'2024-05-24',NULL,NULL,'2024-05-24 02:50:24','2024-05-24 02:50:24',0),(521,'SPION R',4,'B 1273 PJM',8,5,1,'2024-05-24',NULL,NULL,'2024-05-24 02:50:24','2024-05-24 02:50:24',0),(522,'SPOILER FENDER LH',16,'B 2482 SZA',11,3,1,'2024-05-25',NULL,NULL,'2024-05-25 00:32:04','2024-05-25 00:32:04',3),(523,'BUMPER DEPAN ATAS (DESI)',113,'B 2014 DFH',11,3,1,'2024-05-27',NULL,NULL,'2024-05-27 01:51:38','2024-05-27 01:51:38',0),(524,'GRILL RADIATOR',113,'B 2014 DFH',11,3,1,'2024-05-27',NULL,NULL,'2024-05-27 01:51:38','2024-05-27 01:51:38',3),(525,'MOULDING KARET',113,'B 2014 DFH',11,3,1,'2024-05-27',NULL,NULL,'2024-05-27 01:51:38','2024-05-27 01:51:38',0),(526,'BUMPER BELAKANG KULIT JERUK',125,'B 2387 UFG',10,3,1,'2024-05-27',NULL,NULL,'2024-05-27 01:53:53','2024-05-27 01:53:53',3),(527,'PENTIL',12,'B 2033 POA',1,10,2,'2024-05-28','2024-06-13',NULL,'2024-05-27 20:17:31','2024-06-12 20:59:57',4),(528,'VELG DEPAN KIRI',12,'B 2033 POA',1,10,2,'2024-05-28','2024-06-13',NULL,'2024-05-27 20:17:31','2024-06-12 20:59:57',4),(529,'MOULDING BELAKANG KIRI',9,'B 1286 PJP',7,5,1,'2024-05-28','2024-05-29',NULL,'2024-05-28 02:21:22','2024-05-28 19:10:13',0),(530,'COVER BAGIAN DALAM AC R',4,'B 1613 PJS',8,5,2,'2024-05-28','2024-05-31',NULL,'2024-05-28 19:12:25','2024-05-31 01:39:56',0),(531,'COVER BAGIAN DALAM AC L',4,'B 1613 PJS',8,5,2,'2024-05-28','2024-05-31',NULL,'2024-05-28 19:12:25','2024-05-31 01:39:56',0),(532,'COVER PLAT NOMOR',4,'B 1613 PJS',8,5,2,'2024-05-28','2024-05-31',NULL,'2024-05-28 19:12:25','2024-05-31 01:39:56',0),(533,'EMBLEM DPN',4,'B 1613 PJS',8,5,2,'2024-05-28','2024-05-31',NULL,'2024-05-28 19:12:25','2024-05-31 01:39:56',0),(534,'LAMPU DPN L',4,'B 1613 PJS',8,5,2,'2024-05-28','2024-05-31',NULL,'2024-05-28 19:12:25','2024-05-31 01:39:56',0),(535,'LIST GRILLE',4,'B 1613 PJS',8,5,2,'2024-05-28','2024-05-31',NULL,'2024-05-28 19:12:25','2024-05-31 01:39:56',0),(536,'BUMPER DPN',125,'B 2927 BOL',11,3,1,'2024-05-29',NULL,NULL,'2024-05-29 20:35:38','2024-05-29 20:35:38',0),(537,'SPOILER PINTU BELAKANG',92,'B 1533 HKV',17,8,1,'2024-05-29',NULL,NULL,'2024-05-29 20:36:44','2024-05-29 20:36:44',3),(538,'SPOILER TRISPLANG KANAN',92,'B 1533 HKV',17,8,1,'2024-05-29',NULL,NULL,'2024-05-29 20:36:44','2024-05-29 20:36:44',4),(539,'LAMPU DPN R',113,'B 2014 DFH',11,3,1,'2024-05-29',NULL,NULL,'2024-05-29 20:37:36','2024-05-29 20:37:36',0),(540,'COVER FOGLAMP R',125,'B 3387 UFG',10,28,2,'2024-05-29','2024-06-04',NULL,'2024-05-29 20:38:55','2024-06-04 02:07:52',0),(541,'COVER BUMPER RR RH',125,'B 3387 UFG',10,28,2,'2024-05-29','2024-06-04',NULL,'2024-05-29 20:38:55','2024-06-04 02:07:52',0),(542,'COVER BUMPER RR LH',125,'B 3387 UFG',10,28,2,'2024-05-29','2024-06-04',NULL,'2024-05-29 20:38:55','2024-06-04 02:07:51',0),(543,'HEADLAMP RH',93,'B 2701 BBK',13,23,2,'2024-05-29','2024-06-04',NULL,'2024-05-29 20:39:44','2024-06-03 19:55:47',4),(544,'COVER SPION LH',26,'B 2845 SRC',13,24,2,'2024-05-29','2024-05-30',NULL,'2024-05-29 20:40:38','2024-05-30 00:34:28',4),(545,'BUMPER RR',26,'B 1071 HFG',5,3,1,'2024-05-30',NULL,NULL,'2024-05-30 19:17:25','2024-05-30 19:17:25',0),(546,'SPOILER BUMPER DPN L -> BUMPER DPN',26,'B 1071 HFG',5,3,1,'2024-05-30',NULL,NULL,'2024-05-30 19:17:25','2024-05-30 19:17:25',0),(547,'CLIP 1',24,'B 1882 GG',11,89,1,'2024-05-30',NULL,NULL,'2024-05-30 19:20:31','2024-05-30 19:20:31',0),(548,'BREKET BUMPER R',24,'B 1882 GG',11,89,1,'2024-05-30',NULL,NULL,'2024-05-30 19:20:31','2024-05-30 19:20:31',0),(549,'BUMPER DPN',24,'B 1882 GG',11,89,1,'2024-05-30',NULL,NULL,'2024-05-30 19:20:31','2024-05-30 19:20:31',0),(550,'COVER DEPAN LH',93,'B 2403 UKU',2,24,1,'2024-05-30','2024-06-08',NULL,'2024-05-30 19:21:29','2024-06-07 19:53:00',0),(551,'LAMPU SEN R',93,'B 2403 UKU',2,24,1,'2024-05-30','2024-06-08',NULL,'2024-05-30 19:21:29','2024-06-07 19:52:46',0),(552,'GRILL LWR',1,'B 1071 PJO',16,83,1,'2024-05-30',NULL,NULL,'2024-05-30 19:24:43','2024-05-30 19:24:43',0),(553,'BREKET',60,'B 2963 P',2,28,1,'2024-05-30','2024-06-21',NULL,'2024-05-30 19:26:05','2024-06-21 04:02:11',0),(554,'LAMPU STOP R',60,'B 2963 P',2,28,1,'2024-05-30','2024-06-21',NULL,'2024-05-30 19:26:05','2024-06-21 04:02:11',0),(555,'COVER FOGLAMP L',125,'B 2927 BOC',11,5,1,'2024-05-31',NULL,NULL,'2024-05-31 01:30:35','2024-05-31 01:30:35',0),(556,'REFLEKTOR BUMPER R',9,'B 1738 PJJ',17,24,2,'2024-05-31','2024-06-13','Didus','2024-05-31 01:35:21','2024-06-13 00:10:18',0),(557,'BUMPER BELAKANG',28,'B 168 BR',18,5,1,'2024-05-31',NULL,NULL,'2024-05-31 01:36:29','2024-05-31 01:36:29',0),(558,'SEN SPION R',28,'B 168 BR',18,5,1,'2024-05-31',NULL,NULL,'2024-05-31 01:36:29','2024-05-31 01:36:29',0),(559,'COVER BAWAH MOULDING QUARTER LH',4,'B 1702 TJG',10,3,1,'2024-05-31',NULL,NULL,'2024-05-31 01:37:56','2024-05-31 01:37:56',0),(560,'MOULDING FR BUMPER RH',1,'B 1647 PYO',16,8,1,'2024-06-03',NULL,NULL,'2024-06-03 02:13:34','2024-06-03 02:13:34',7),(561,'SPOILER BUMPER FR',135,'B 2663 POK',8,5,2,'2024-06-03','2024-06-07',NULL,'2024-06-03 02:15:42','2024-06-07 00:40:03',0),(562,'STIKER PINTU RR R',135,'B 2663 POK',8,5,2,'2024-06-03','2024-06-07',NULL,'2024-06-03 02:15:42','2024-06-07 00:40:03',0),(563,'STIKER PINTU RR L',135,'B 2663 POK',8,5,2,'2024-06-03','2024-06-07',NULL,'2024-06-03 02:15:42','2024-06-07 00:40:03',0),(564,'EMBLEM DEPAN',1,'B 1360 UYQ',12,10,2,'2024-06-03','2024-06-20',NULL,'2024-06-03 02:17:00','2024-06-20 09:40:32',0),(565,'LAMPU STOP R',1,'B 1360 UYQ',12,10,2,'2024-06-03','2024-06-20',NULL,'2024-06-03 02:17:01','2024-06-20 09:40:32',0),(566,'BUMPER BELAKANG',26,'B 2254 POE',5,3,2,'2024-06-04','2024-06-13',NULL,'2024-06-04 21:25:46','2024-06-12 19:16:18',0),(567,'COVER SPION L',26,'B 2254 POE',5,3,2,'2024-06-04','2024-06-13',NULL,'2024-06-04 21:25:46','2024-06-12 19:16:18',4),(568,'COVER SPION R',26,'B 2254 POE',5,3,2,'2024-06-04','2024-06-13',NULL,'2024-06-04 21:25:46','2024-06-12 19:16:18',4),(569,'LINER FENDER L',26,'B 2254 POE',5,3,2,'2024-06-04','2024-06-13',NULL,'2024-06-04 21:25:46','2024-06-12 19:16:18',4),(570,'BUMPER DPN',26,'B 2254 POE',5,3,2,'2024-06-04','2024-06-13',NULL,'2024-06-04 21:25:46','2024-06-12 19:16:18',0),(571,'SPOILER BUMPER DPN L',26,'B 2254 POE',5,3,2,'2024-06-04','2024-06-13',NULL,'2024-06-04 21:25:46','2024-06-12 19:16:18',0),(572,'SPOILER BUMPER DPN R',26,'B 2254 POE',5,3,2,'2024-06-04','2024-06-13',NULL,'2024-06-04 21:25:46','2024-06-12 19:16:18',0),(573,'TALANG AIR PINTU FR R',26,'B 2254 POE',5,3,2,'2024-06-04','2024-06-13',NULL,'2024-06-04 21:25:46','2024-06-12 19:16:18',3),(574,'BUMPER DPN',93,'B 1198 FR',2,28,2,'2024-06-04','2024-06-20',NULL,'2024-06-04 21:27:02','2024-06-20 09:40:07',0),(575,'SPOILER FENDER DPN R',92,'B 1533 HKU',17,8,1,'2024-06-04',NULL,NULL,'2024-06-04 21:28:03','2024-06-04 21:28:03',3),(576,'KAP BAGASI',9,'B 1738 PJS',17,8,1,'2024-06-04','2024-06-20',NULL,'2024-06-04 21:28:48','2024-06-20 09:23:56',0),(577,'BUMPER RR',67,'B 2630 UZU',12,10,2,'2024-06-04','2024-06-29',NULL,'2024-06-04 21:29:31','2024-06-29 03:17:14',0),(578,'SPOILER BUMPER RR',67,'B 2630 UZU',12,10,1,'2024-06-04','2024-06-29',NULL,'2024-06-04 21:29:31','2024-06-29 03:17:14',0),(579,'LAMPU SPION R',1,'B 2238 BIQ',10,5,1,'2024-06-04','2024-06-07',NULL,'2024-06-04 21:30:06','2024-06-07 01:05:04',0),(580,'KNALPOT',8,'B 2557 PKU',22,83,1,'2024-06-05','2024-06-07',NULL,'2024-06-05 23:28:45','2024-06-07 01:05:04',0),(581,'HANDLE PINTU FR RH',4,'B 2681 PBO',2,83,1,'2024-06-05','2024-06-07',NULL,'2024-06-05 23:40:15','2024-06-07 01:05:04',0),(582,'SPION RH TANPA COVER',4,'B 2681 PBO',2,83,1,'2024-06-05','2024-06-07',NULL,'2024-06-05 23:40:15','2024-06-07 01:05:04',0),(583,'LIST CROME DEPAN LH',26,'B 2254 POE',5,3,2,'2024-06-05','2024-06-13',NULL,'2024-06-05 23:41:58','2024-06-12 19:16:18',0),(584,'SPOILER FENDER LH',121,'B 1619 PNO',13,3,1,'2024-06-05','2024-06-07',NULL,'2024-06-05 23:43:43','2024-06-07 01:05:04',0),(585,'HEADLAMP R',4,'B 2200 PBF',11,3,1,'2024-06-05','2024-06-07',NULL,'2024-06-05 23:44:41','2024-06-07 01:05:04',0),(586,'LAMPU DEPAN L',10,'B 2862 PZF',7,5,2,'2024-06-06','2024-06-08',NULL,'2024-06-05 23:45:45','2024-06-07 19:37:33',0),(587,'REFLEKTOR RR L',10,'B 2862 PZF',7,5,2,'2024-06-06','2024-06-08',NULL,'2024-06-05 23:45:45','2024-06-07 19:37:33',0),(588,'TEST',68,'TEST',17,28,3,'2024-06-07','2024-06-07','test out','2024-06-07 00:40:50','2024-06-07 01:05:50',4),(589,'REFLEKTOR R',93,'B 2379 PFB',2,24,2,'2024-05-30','2024-06-08',NULL,'2024-06-07 19:52:02','2024-06-07 19:52:20',0),(590,'LAMPU RR L',10,'B 2862 PZF',7,5,1,'2024-06-06',NULL,NULL,'2024-06-07 20:00:31','2024-06-07 20:00:31',0),(591,'REFLEKTOR RR L',10,'B 2862 PZF',7,5,1,'2024-06-06',NULL,NULL,'2024-06-07 20:00:31','2024-06-07 20:00:31',0),(592,'SPOILER BUMPER RR',110,'B 2936 BZH',11,3,1,'2024-06-07',NULL,NULL,'2024-06-07 20:01:25','2024-06-07 20:01:25',0),(593,'LIST CHROME',93,'B 8 SSS',10,3,1,'2024-06-07','2024-06-07','ganti model','2024-06-07 20:02:15','2024-06-07 20:02:30',0),(594,'BREKET BUMPER DPN RH',48,'B 1619',22,3,1,'2024-06-08',NULL,NULL,'2024-06-08 01:20:58','2024-06-08 01:20:58',0),(595,'GRILLE RADIATOR',93,'B 1078 BYI',14,11,1,'2024-06-08',NULL,NULL,'2024-06-08 01:22:12','2024-06-08 01:22:12',3),(596,'HEADLAMP LH',93,'B 1078 BYI',14,11,1,'2024-06-08',NULL,NULL,'2024-06-08 01:22:12','2024-06-08 01:22:12',4),(597,'BUMPER DPN',14,'B 1833 BRZ',18,5,1,'2024-06-10',NULL,NULL,'2024-06-10 19:42:18','2024-06-10 19:42:18',0),(598,'CONDENSOR AC',14,'B 1833 BRZ',18,5,1,'2024-06-10',NULL,NULL,'2024-06-10 19:42:18','2024-06-10 19:42:18',0),(599,'COVER FOGLAMP',14,'B 1833 BRZ',18,5,1,'2024-06-10',NULL,NULL,'2024-06-10 19:42:18','2024-06-10 19:42:18',0),(600,'COVER PLATNOMOR DPN',14,'B 1833 BRZ',18,5,1,'2024-06-10',NULL,NULL,'2024-06-10 19:42:18','2024-06-10 19:42:18',0),(601,'GRILLE BUMPER DPN',14,'B 1833 BRZ',18,5,1,'2024-06-10',NULL,NULL,'2024-06-10 19:42:18','2024-06-10 19:42:18',0),(602,'LAMPU BLK L',14,'B 1833 BRZ',18,5,1,'2024-06-10',NULL,NULL,'2024-06-10 19:42:18','2024-06-10 19:42:18',0),(603,'RADIATOR',14,'B 1833 BRZ',18,5,1,'2024-06-10',NULL,NULL,'2024-06-10 19:42:18','2024-06-10 19:42:18',0),(604,'HEADLAMP L',1,'B 1762 POQ',10,28,1,'2024-06-10',NULL,NULL,'2024-06-10 19:43:31','2024-06-10 19:43:31',0),(605,'SILEN 1',9,'B 1738 RJS',17,28,1,'2024-06-10','2024-06-13',NULL,'2024-06-10 19:45:08','2024-06-13 00:10:17',0),(606,'COVER FOGLAMP',14,'B 2677 BYX',13,19,1,'2024-06-10',NULL,NULL,'2024-06-10 19:46:05','2024-06-10 19:46:05',11),(607,'SEN SPION R',93,'B 1969 PKM',7,5,1,'2024-06-10','2024-06-13',NULL,'2024-06-10 19:47:48','2024-06-12 19:47:10',0),(608,'LIST ATAS BUMPER LH',119,'B 1154 BAI',7,5,1,'2024-06-10',NULL,NULL,'2024-06-10 19:49:07','2024-06-10 19:49:07',0),(609,'COVER SPION RH',98,'BK 24 BRJ',11,13,1,'2024-06-10',NULL,NULL,'2024-06-10 19:49:57','2024-06-10 19:49:57',0),(610,'COVER SPION LH LOWER',43,'B 1088 ROG',22,3,1,'2024-06-10',NULL,NULL,'2024-06-10 19:51:08','2024-06-10 19:51:08',4),(611,'SPOILER BUMPER FR',43,'B 1088 ROG',22,3,1,'2024-06-10',NULL,NULL,'2024-06-10 19:51:08','2024-06-10 19:51:08',0),(612,'SPOILER PINTU RR LH',43,'B 1088 ROG',22,3,1,'2024-06-10',NULL,NULL,'2024-06-10 19:51:08','2024-06-10 19:51:08',3),(613,'SPOILER QUARTER LH',92,'B 1088 ROG',1,10,1,'2024-06-11','2024-06-12',NULL,'2024-06-12 02:10:07','2024-06-12 02:10:17',3),(614,'BUMPER DPN',93,'B 1969 PKM',8,5,1,'2024-06-11','2024-06-13',NULL,'2024-06-12 02:11:00','2024-06-12 19:47:10',0),(615,'LAMPU DPN L',93,'B 1969 PKM',8,5,2,'2024-06-11','2024-06-13',NULL,'2024-06-12 02:11:00','2024-06-12 19:47:09',0),(616,'LAMPU DPN R',93,'B 1969 PKM',8,5,2,'2024-06-11','2024-06-13',NULL,'2024-06-12 02:11:00','2024-06-12 19:47:09',0),(617,'LAMPU STOP L',93,'B 2614 BBF',7,5,1,'2024-06-11',NULL,NULL,'2024-06-12 02:11:33','2024-06-12 02:11:33',0),(618,'KACA DEPAN',9,'B 1080 PJH',22,3,2,'2024-06-11','2024-06-13',NULL,'2024-06-12 02:12:24','2024-06-12 23:54:36',0),(619,'LIS KACA',9,'B 1080 PJH',22,3,2,'2024-06-11','2024-06-13',NULL,'2024-06-12 02:12:25','2024-06-12 23:54:36',0),(620,'BUMPER RR',3,'B 2833 PFS',14,16,1,'2024-06-12',NULL,NULL,'2024-06-12 02:13:12','2024-06-12 02:13:12',0),(621,'SPOILER BUMPER FR R',3,'B 2833 PFS',14,16,1,'2024-06-12',NULL,NULL,'2024-06-12 02:13:12','2024-06-12 02:13:12',11),(622,'LIST FENDER L',121,'B 1619 PNO',11,3,1,'2024-06-12',NULL,NULL,'2024-06-12 02:14:06','2024-06-12 02:14:06',0),(623,'SPION R',122,'D 1622 PCV',11,3,1,'2024-06-12',NULL,NULL,'2024-06-12 02:14:58','2024-06-12 02:14:58',0),(624,'LAMPU STOP R',1,'B 1684 PYC',29,13,1,'2024-06-12',NULL,NULL,'2024-06-12 02:16:03','2024-06-12 02:16:03',0),(625,'LAMPU STOP L',1,'B 1684 PYC',29,13,1,'2024-06-12',NULL,NULL,'2024-06-12 02:16:03','2024-06-12 02:16:03',0),(626,'BUMPER RR KULIT JERUK',3,'B 2714 PKC',12,10,1,'2024-06-12',NULL,NULL,'2024-06-12 02:17:41','2024-06-12 02:17:41',0),(627,'REFLEKTOR RR R',3,'B 2714 PKC',12,10,1,'2024-06-12',NULL,NULL,'2024-06-12 02:17:41','2024-06-12 02:17:41',0),(628,'SPOILER BUMPER DPN',3,'B 2714 PKC',12,10,1,'2024-06-12',NULL,NULL,'2024-06-12 02:17:42','2024-06-12 02:17:42',0),(629,'SPOILER FENDER RR',3,'B 2714 PKC',12,10,1,'2024-06-12',NULL,NULL,'2024-06-12 02:17:42','2024-06-12 02:17:42',0),(630,'STIKER PINTU TRD',3,'B 2714 PKC',12,10,1,'2024-06-12',NULL,NULL,'2024-06-12 02:17:42','2024-06-12 02:17:42',0),(631,'REFLEKTOR R',82,'B 2715 JBM',38,8,2,'2024-06-12','2024-06-14',NULL,'2024-06-12 02:19:18','2024-06-14 02:39:59',0),(632,'HEADLAMP R',93,'B 1078 BYI',14,11,1,'2024-06-12',NULL,NULL,'2024-06-12 02:20:30','2024-06-12 02:20:30',0),(633,'GRILLE RADIATOR',93,'B 1078 BYI',14,11,1,'2024-06-12',NULL,NULL,'2024-06-12 02:20:31','2024-06-12 02:20:31',0),(634,'MOULDING RADIATOR GRILLE',93,'B 1078 BYI',14,11,1,'2024-06-12',NULL,NULL,'2024-06-12 02:20:31','2024-06-12 02:20:31',0),(635,'LIST KAP MESIN',93,'B 1078 BYI',14,11,1,'2024-06-12','2024-06-20',NULL,'2024-06-12 02:20:31','2024-06-20 09:23:56',0),(636,'SPOILER BUMPER FR',3,'B 1696 HKY',18,5,1,'2024-06-12',NULL,NULL,'2024-06-12 02:21:36','2024-06-12 02:21:36',0),(637,'SPOILER FENDER L',3,'B 1696 HKY',18,5,1,'2024-06-12',NULL,NULL,'2024-06-12 02:21:36','2024-06-12 02:21:36',0),(638,'LAMPU DPN R',14,'B 1837 BRZ',18,5,1,'2024-06-12',NULL,NULL,'2024-06-12 02:22:23','2024-06-12 02:22:23',0),(639,'LAMPU DPN RR R',3,'B 1696 HKY',18,5,1,'2024-06-12',NULL,NULL,'2024-06-12 02:23:30','2024-06-12 02:23:30',0),(640,'HEADLAMP L',38,'B 1526 PYC',1,16,2,'2024-06-12','2024-06-29',NULL,'2024-06-12 02:25:16','2024-06-29 03:24:28',0),(641,'KAP MESIN',38,'B 1526 PYC',1,16,2,'2024-06-12','2024-06-20',NULL,'2024-06-12 02:25:16','2024-06-20 09:23:56',0),(642,'LIST CHROME GRILLE FR',38,'B 1526 PYC',1,16,2,'2024-06-12','2024-06-29',NULL,'2024-06-12 02:25:16','2024-06-29 03:24:28',0),(643,'VELG',54,'B 1218 AD',8,5,1,'2024-06-13',NULL,NULL,'2024-06-13 02:37:23','2024-06-13 02:37:23',4),(644,'PENTIL',54,'B 1218 AD',8,5,1,'2024-06-13',NULL,NULL,'2024-06-13 02:37:23','2024-06-13 02:37:23',0),(645,'BUMPER RR',8,'B 2159 UFP',22,28,1,'2024-06-13',NULL,NULL,'2024-06-13 02:37:59','2024-06-13 02:37:59',0),(646,'LAMPU HEADLAMP L',121,'B 1619 PND',13,3,1,'2024-06-13',NULL,NULL,'2024-06-13 02:38:49','2024-06-13 02:38:49',4),(647,'GRILLE FR',121,'B 1619 PND',13,3,1,'2024-06-13',NULL,NULL,'2024-06-13 02:38:49','2024-06-13 02:38:49',3),(648,'SPION L',5,'B 1372 BMU',13,14,1,'2024-06-13',NULL,NULL,'2024-06-13 02:39:44','2024-06-13 02:39:44',4),(649,'SPION R',5,'B 1372 BMU',13,14,1,'2024-06-13',NULL,NULL,'2024-06-13 02:39:44','2024-06-13 02:39:44',4),(650,'LIST CHROME FOGLAMP LH',136,'B 1433 SAS',10,3,1,'2024-06-14',NULL,NULL,'2024-06-14 02:36:36','2024-06-14 02:36:36',0),(651,'HEADLAMP L',93,'B 32 BB',14,13,1,'2024-06-14',NULL,NULL,'2024-06-14 02:37:19','2024-06-14 02:37:19',0),(652,'COVER FOGLAMP L',20,'B 1696 HKY',18,5,1,'2024-06-14',NULL,NULL,'2024-06-14 02:37:59','2024-06-14 02:37:59',0),(653,'COVER SPION LH RR',93,'B 32 BU',28,13,1,'2024-06-15',NULL,NULL,'2024-06-15 01:11:47','2024-06-15 01:11:47',0),(654,'TANDUK BUMPER BELAKANG',1,'B 1684 PYC',29,13,1,'2024-06-15',NULL,NULL,'2024-06-15 01:13:41','2024-06-15 01:13:41',0),(655,'HEADLAMP RH',93,'B 32 BB',28,13,1,'2024-06-15',NULL,NULL,'2024-06-15 01:17:29','2024-06-15 01:17:29',0),(656,'SEN SPION',110,'B 510 HO',13,3,1,'2024-06-18',NULL,NULL,'2024-06-19 03:39:14','2024-06-19 03:39:14',7),(657,'BUMPER DPN',110,'B 510 HO',13,3,1,'2024-06-18',NULL,NULL,'2024-06-19 03:39:14','2024-06-19 03:39:14',0),(658,'MOULDING PINTU BLK L',8,'B 1368 TF',7,5,1,'2024-06-18',NULL,NULL,'2024-06-19 03:40:26','2024-06-19 03:40:26',3),(659,'MOULDING PINTU DON L',8,'B 1368 TF',7,5,1,'2024-06-18',NULL,NULL,'2024-06-19 03:40:26','2024-06-19 03:40:26',3),(660,'SPOILER FENDER DPN L',8,'B 1368 TF',7,5,1,'2024-06-18',NULL,NULL,'2024-06-19 03:40:26','2024-06-19 03:40:26',3),(661,'LAMPU DPN L',5,'B 2371 BKH',7,5,1,'2024-06-18',NULL,NULL,'2024-06-19 03:42:41','2024-06-19 03:42:41',4),(662,'TUTUP DEREK',5,'B 2371 BKH',7,5,1,'2024-06-18',NULL,NULL,'2024-06-19 03:42:42','2024-06-19 03:42:42',7),(663,'BUMPER DPN',32,'B 2686 PKC',1,10,1,'2024-06-18',NULL,NULL,'2024-06-19 03:43:28','2024-06-19 03:43:28',0),(664,'KACA BAGASI',9,'B 1440 TJU',1,8,1,'2024-06-18',NULL,NULL,'2024-06-19 03:44:50','2024-06-19 03:44:50',0),(665,'MOULDING KACA 3',9,'B 1440 TJU',1,8,1,'2024-06-18',NULL,NULL,'2024-06-19 03:44:50','2024-06-19 03:44:50',7),(666,'BREKET FR L',8,'AB 1361 WX',1,28,2,'2024-06-19','2024-06-27',NULL,'2024-06-19 03:46:04','2024-06-27 03:58:45',3),(667,'SPOILER FR',8,'AB 1361 WX',1,28,2,'2024-06-19','2024-06-27',NULL,'2024-06-19 03:46:04','2024-06-27 03:58:45',6),(668,'FOOTSTEP TRISPLANG LH',27,'B 1198 PJK',5,10,2,'2024-06-19','2024-06-21',NULL,'2024-06-19 03:47:04','2024-06-21 07:27:01',5),(669,'SPOILER BUMPER NO 2',93,'B 2404 PZN',11,1,1,'2024-06-19',NULL,NULL,'2024-06-20 09:26:23','2024-06-20 09:26:23',3),(670,'LAMPU BLK R',93,'B 2575 PZL',8,5,1,'2024-06-19',NULL,NULL,'2024-06-20 09:27:10','2024-06-20 09:27:10',4),(671,'KACA BAGASI',93,'B 2575 PZL',8,5,1,'2024-06-19',NULL,NULL,'2024-06-20 09:27:10','2024-06-20 09:27:10',0),(672,'MOULDING KACA',93,'B 2575 PZL',8,5,1,'2024-06-19',NULL,NULL,'2024-06-20 09:27:11','2024-06-20 09:27:11',0),(673,'BUMPER FR BAWAH',9,'B 271 DB',14,13,1,'2024-06-19',NULL,NULL,'2024-06-20 09:32:54','2024-06-20 09:32:54',0),(674,'BUMPER RR BAWAH',9,'B 271 DB',14,13,1,'2024-06-19',NULL,NULL,'2024-06-20 09:32:54','2024-06-20 09:32:54',0),(675,'SPOILER FR R',9,'B 271 DB',14,13,1,'2024-06-19',NULL,NULL,'2024-06-20 09:32:54','2024-06-20 09:32:54',0),(676,'SPOILER RR R',9,'B 271 DB',14,13,1,'2024-06-19',NULL,NULL,'2024-06-20 09:32:54','2024-06-20 09:32:54',0),(677,'SPOILER RR L',9,'B 271 DB',14,13,1,'2024-06-19',NULL,NULL,'2024-06-20 09:32:54','2024-06-20 09:32:54',0),(678,'MOULDING PINTU FR R',9,'B 271 DB',14,13,1,'2024-06-19',NULL,NULL,'2024-06-20 09:32:55','2024-06-20 09:32:55',0),(679,'MOULDING PINTU RR R',9,'B 271 DB',14,13,1,'2024-06-19',NULL,NULL,'2024-06-20 09:32:55','2024-06-20 09:32:55',0),(680,'MOULDING PINTU FR L',9,'B 271 DB',14,13,1,'2024-06-19',NULL,NULL,'2024-06-20 09:32:55','2024-06-20 09:32:55',0),(681,'MOULDING PINTU RR L',9,'B 271 DB',14,13,1,'2024-06-19',NULL,NULL,'2024-06-20 09:32:55','2024-06-20 09:32:55',0),(682,'MOULDING FENDER RR R',9,'B 271 DB',14,13,1,'2024-06-19',NULL,NULL,'2024-06-20 09:32:55','2024-06-20 09:32:55',0),(683,'KARPET RODA FR R',9,'B 271 DB',14,13,1,'2024-06-19',NULL,NULL,'2024-06-20 09:32:55','2024-06-20 09:32:55',0),(684,'KARPET RODA RR L',9,'B 271 DB',14,13,1,'2024-06-19',NULL,NULL,'2024-06-20 09:32:55','2024-06-20 09:32:55',0),(685,'SPOILER FENDER L',26,'B 1071 HFG',5,3,1,'2024-06-20',NULL,NULL,'2024-06-20 09:34:15','2024-06-20 09:34:15',3),(686,'SPOILER FENDER L',26,'B 2254 POE',5,3,1,'2024-06-20',NULL,NULL,'2024-06-20 09:35:03','2024-06-20 09:35:03',3),(687,'BUMPER DPN',26,'B 2770 PKG',5,3,1,'2024-06-20',NULL,NULL,'2024-06-20 09:36:14','2024-06-20 09:36:14',0),(688,'HEADLAMP L',26,'B 2770 PKG',5,3,1,'2024-06-20',NULL,NULL,'2024-06-20 09:36:14','2024-06-20 09:36:14',4),(689,'SPION R',26,'B 2770 PKG',5,3,1,'2024-06-20',NULL,NULL,'2024-06-20 09:36:14','2024-06-20 09:36:14',4),(690,'BUMPER DPN',42,'B 2197 SBK',5,28,1,'2024-06-20',NULL,NULL,'2024-06-20 09:37:08','2024-06-20 09:37:08',0),(691,'COVER FOGLAMP L',42,'B 2197 SBK',5,28,1,'2024-06-20',NULL,NULL,'2024-06-20 09:37:08','2024-06-20 09:37:08',11),(692,'BUMPER BLK',27,'B 2558 BBA',5,8,1,'2024-06-20',NULL,NULL,'2024-06-20 09:37:41','2024-06-20 09:37:41',0),(693,'BUMPER RR',60,'B 1283 PAI',13,24,2,'2024-06-20','2024-06-21',NULL,'2024-06-20 09:38:28','2024-06-21 04:02:10',0),(694,'COVER SPION L',5,'B 1372 BMU',13,14,1,'2024-06-20',NULL,NULL,'2024-06-20 09:39:21','2024-06-20 09:39:21',11),(695,'COVER SPION L',5,'B 1372 BMU',13,14,1,'2024-06-20',NULL,NULL,'2024-06-20 09:39:21','2024-06-20 09:39:21',11),(696,'BUMPER BLK KULIT JERUK',3,'B 1122 LIE',7,5,1,'2024-06-21',NULL,NULL,'2024-06-21 09:39:18','2024-06-21 09:39:18',0),(697,'MOULDING BAGASI',27,'B 2258 BOA',5,8,1,'2024-06-21',NULL,NULL,'2024-06-21 09:40:28','2024-06-21 09:40:28',3),(698,'BUMPER DPN',36,'B 1521 BRD',15,3,1,'2024-06-21',NULL,NULL,'2024-06-21 09:41:21','2024-06-21 09:41:21',0),(699,'REFLEKTOR PINTU BLK R',110,'B 2936 BPR',39,3,1,'2024-06-21','2024-06-21',NULL,'2024-06-21 09:44:30','2024-06-21 09:47:40',0),(700,'BUMPER DEPAN',93,'B 1471 PRI',11,3,1,'2024-06-22',NULL,NULL,'2024-06-22 07:28:22','2024-06-22 07:28:22',0),(701,'HEADLAMP L',93,'B 1471 PRI',11,3,1,'2024-06-22',NULL,NULL,'2024-06-22 07:28:22','2024-06-22 07:28:22',4),(702,'HEADLAMP R',93,'B 1471 PRI',11,3,1,'2024-06-22',NULL,NULL,'2024-06-22 07:28:22','2024-06-22 07:28:22',4),(703,'LINER FENDER L',93,'B 1471 PRI',11,3,1,'2024-06-22',NULL,NULL,'2024-06-22 07:28:22','2024-06-22 07:28:22',4),(704,'BUMPER DPN',4,'B 1853 PJM',14,17,1,'2024-06-22',NULL,NULL,'2024-06-22 07:34:10','2024-06-22 07:34:10',0),(705,'SPOILER FR L',9,'B 271 DB',14,13,1,'2024-06-22',NULL,NULL,'2024-06-22 07:35:07','2024-06-22 07:35:07',3),(706,'LINER FENDER RH',26,'B 2770 PKG',5,3,1,'2024-06-22',NULL,NULL,'2024-06-22 07:35:43','2024-06-22 07:35:43',0),(707,'CLIPAN FENDER 10',4,'B 8467 HU',30,23,1,'2024-06-24',NULL,NULL,'2024-06-24 09:13:58','2024-06-24 09:13:58',0),(708,'LINER FENDER DEPAN KANAN',4,'B 8467 HU',30,23,1,'2024-06-24',NULL,NULL,'2024-06-24 09:13:58','2024-06-24 09:13:58',0),(709,'STIKER PINTU BLK L/H',8,'B 2220 HE',7,5,2,'2024-06-24','2024-06-28',NULL,'2024-06-24 09:14:56','2024-06-28 07:02:45',12),(710,'BUMPER BELAKANG',14,'B 2677 BYK',40,19,1,'2024-06-24',NULL,NULL,'2024-06-24 09:16:28','2024-06-24 09:16:28',0),(711,'COVER RR BUMPER LOWER',4,'B 1853 PJM',14,17,1,'2024-06-24',NULL,NULL,'2024-06-24 09:17:35','2024-06-24 09:17:35',0),(712,'LAMP ASSY RR FOG RH',4,'B 1853 PJM',14,17,1,'2024-06-24',NULL,NULL,'2024-06-24 09:17:35','2024-06-24 09:17:35',0),(713,'BUMPER BLK',2,'B 2575 PZL',8,5,1,'2024-06-25',NULL,NULL,'2024-06-25 09:18:34','2024-06-25 09:18:34',0),(714,'EMBLEM HYBRID',2,'B 2575 PZL',8,5,1,'2024-06-25',NULL,NULL,'2024-06-25 09:18:34','2024-06-25 09:18:34',8),(715,'WIPER BLADE',2,'B 2575 PZL',8,5,1,'2024-06-25','2024-06-25',NULL,'2024-06-25 09:18:34','2024-06-25 09:26:51',8),(716,'LIST KAP BAGASI',2,'B 2575 PZL',8,5,1,'2024-06-25','2024-06-25',NULL,'2024-06-25 09:18:34','2024-06-25 09:26:51',3),(717,'COVER PANEL BAGASI',2,'B 2575 PZL',8,5,1,'2024-06-25','2024-06-25',NULL,'2024-06-25 09:18:34','2024-06-25 09:26:51',3),(718,'REFLEKTOR RH',1,'B 2705 BIW',12,10,1,'2024-06-25','2024-06-25',NULL,'2024-06-25 09:19:29','2024-06-25 09:26:51',4),(719,'STOPLAMP RH',1,'B 2705 BIW',12,10,1,'2024-06-25','2024-06-25',NULL,'2024-06-25 09:19:29','2024-06-25 09:26:51',4),(720,'TATAKAN PLAT NO POLISI',122,'B 1465 HKU',40,10,1,'2024-06-25','2024-06-25',NULL,'2024-06-25 09:20:23','2024-06-25 09:26:51',11),(721,'COVER TATAKAN BUMPER',3,'B 1122 LIE',7,5,1,'2024-06-25','2024-06-25',NULL,'2024-06-25 09:23:36','2024-06-25 09:26:51',11),(722,'BUMPER DPN',8,'B 2220 HE',7,5,2,'2024-06-25','2024-06-25',NULL,'2024-06-25 09:25:05','2024-06-25 09:26:51',0),(723,'STIKER PINTU BLK R',8,'B 2220 HE',7,5,2,'2024-06-25','2024-06-28',NULL,'2024-06-25 09:25:05','2024-06-28 07:02:45',0),(724,'LAMPU STOP R',26,'B 2071 HFG',5,3,1,'2024-06-25','2024-06-25',NULL,'2024-06-25 09:26:24','2024-06-25 09:26:51',4),(725,'BUMPER DPN',93,'B 2344 UFT',7,5,1,'2024-06-26',NULL,NULL,'2024-06-26 09:07:08','2024-06-26 09:07:08',0),(726,'MOULDING ASM-G LWR RR LH',110,'B 510 HO',13,3,1,'2024-06-26',NULL,NULL,'2024-06-26 09:07:54','2024-06-26 09:07:54',0),(727,'SPOILER FENDER L',71,'B 1534 WJG',5,3,1,'2024-06-26',NULL,NULL,'2024-06-27 08:57:11','2024-06-27 08:57:11',0),(728,'COVER FOGLAMP L',3,'B 2813 BPU',10,3,1,'2024-06-27',NULL,NULL,'2024-06-27 08:58:11','2024-06-27 08:58:11',0),(729,'SPION L',93,'B 1143 BYF',10,3,1,'2024-06-27',NULL,NULL,'2024-06-27 08:59:08','2024-06-27 08:59:08',0),(730,'SPION R',93,'B 1143 BYF',10,3,1,'2024-06-27',NULL,NULL,'2024-06-27 08:59:09','2024-06-27 08:59:09',0),(731,'SPOILER BUMPER DPN',93,'B 2041 PZQ',7,5,1,'2024-06-27','2024-06-28',NULL,'2024-06-27 08:59:51','2024-06-28 03:17:06',0),(732,'KAP BAGASI',8,'B 1392 UYZ',17,8,1,'2024-06-27','2024-06-28',NULL,'2024-06-27 09:02:57','2024-06-28 03:17:06',0),(733,'LIST/KARET KACA 3',8,'B 1392 UYZ',17,8,1,'2024-06-27','2024-06-28',NULL,'2024-06-27 09:02:57','2024-06-28 03:17:06',0),(734,'SPOILER FENDER L',8,'B 1392 UYZ',17,8,1,'2024-06-27','2024-06-29',NULL,'2024-06-27 09:02:57','2024-06-29 03:30:04',0),(735,'STICKER PINTU RR LH BENING',8,'B 1392 UYZ',17,8,1,'2024-06-27','2024-06-29',NULL,'2024-06-27 09:02:57','2024-06-29 03:30:04',0),(736,'STICKER PINTU RR RH BENING',8,'B 1392 UYZ',17,8,1,'2024-06-27','2024-06-29',NULL,'2024-06-27 09:02:57','2024-06-29 03:30:04',0),(737,'SPOILER FENDER L',68,'--',1,28,1,'2024-06-27','2024-06-29',NULL,'2024-06-27 09:04:16','2024-06-29 03:30:04',0),(738,'BREKET FR L',68,'--',1,28,1,'2024-06-27','2024-06-29',NULL,'2024-06-27 09:04:16','2024-06-29 03:30:04',0),(739,'COVER SPION KANAN',14,'B 1474 PRM',1,16,1,'2024-06-27','2024-06-29',NULL,'2024-06-27 09:05:37','2024-06-29 03:30:04',0),(740,'LAMPU BUELAKANG RH',26,'B 2231 TRF',18,5,2,'2024-06-28','2024-06-28',NULL,'2024-06-28 03:16:58','2024-06-28 03:17:06',0),(747,'LAMPU BLK R',26,'B 2231 TRF',18,5,1,'2024-06-28','2024-06-29',NULL,'2024-06-29 03:27:52','2024-06-29 03:30:04',0),(748,'SPION RH',110,'B 2957 BRY',2,8,1,'2024-06-28','2024-06-29',NULL,'2024-06-29 03:28:55','2024-06-29 03:30:04',0),(749,'SEN RH',110,'B 2957 BRY',2,8,1,'2024-06-28','2024-06-29',NULL,'2024-06-29 03:28:55','2024-06-29 03:30:04',0),(750,'KACA DEPAN',48,'B 2897 P',8,5,2,'2024-06-28','2024-06-29',NULL,'2024-06-29 03:29:52','2024-06-29 03:30:04',0),(751,'COVER ENGINE UNDER',6,'B 1915 UAD',40,14,1,'2024-06-28',NULL,NULL,'2024-06-29 03:32:14','2024-06-29 03:32:14',0),(752,'COVER FOGLAMP LH',82,'B 2835 BFG',8,5,1,'2024-06-28',NULL,NULL,'2024-06-29 03:33:36','2024-06-29 03:33:36',0),(753,'LAMPU DEPAN LH',82,'B 2835 BFG',8,5,1,'2024-06-28',NULL,NULL,'2024-06-29 03:33:36','2024-06-29 03:33:36',0),(754,'LIST CHROME BUMPER R',27,'B 2674 BJR',17,24,1,'2024-06-29',NULL,NULL,'2024-06-29 03:34:22','2024-06-29 03:34:22',0),(755,'BOT',68,'B 1138 TKL',1,10,1,'2024-06-29','2024-06-29',NULL,'2024-06-29 03:35:49','2024-06-29 04:45:18',0),(756,'LIST PINTU LH',48,'B 1657',15,3,1,'2024-06-29',NULL,NULL,'2024-07-01 09:20:13','2024-07-01 09:20:13',0),(757,'LAMPU STOP LH',9,'F 1259 AAT',22,3,1,'2024-06-29','2024-07-02',NULL,'2024-07-01 09:21:09','2024-07-02 03:42:18',0),(758,'LIST NEKEL',68,'B 2598 PBL',28,13,1,'2024-06-29',NULL,NULL,'2024-07-01 09:23:16','2024-07-01 09:23:16',0),(759,'COVER WIPER',68,'B 2598 PBL',28,13,1,'2024-06-29',NULL,NULL,'2024-07-01 09:23:16','2024-07-01 09:23:16',0),(760,'COVER DEREK',68,'B 2598 PBL',28,13,1,'2024-06-29',NULL,NULL,'2024-07-01 09:23:16','2024-07-01 09:23:16',0),(761,'LIST CHROME GRILLE FR R',4,'B 233 KJL',10,3,1,'2024-07-01','2024-07-01',NULL,'2024-07-01 09:24:23','2024-07-01 09:25:56',11),(762,'SPION ASSY L',4,'B 233 KJL',10,3,1,'2024-07-01','2024-07-01',NULL,'2024-07-01 09:24:23','2024-07-01 09:25:43',4),(763,'COVER BACKLEDING FENDER',93,'B 2575 PZL',8,5,1,'2024-07-01',NULL,NULL,'2024-07-01 09:25:32','2024-07-01 09:25:32',3),(764,'KACA DPN + SEALANT 2',93,'B 1157 SMC',8,5,1,'2024-07-01',NULL,NULL,'2024-07-01 09:26:56','2024-07-01 09:26:56',0),(765,'LAMPU BLK L',93,'B 1157 SMC',8,5,1,'2024-07-01',NULL,NULL,'2024-07-01 09:26:56','2024-07-01 09:26:56',0),(766,'MOULDING KACA DPN',93,'B 1157 SMC',8,5,1,'2024-07-01',NULL,NULL,'2024-07-01 09:26:56','2024-07-01 09:26:56',0),(767,'WIPER ASSY',93,'B 2575 PZL',8,5,1,'2024-07-01',NULL,NULL,'2024-07-01 09:27:33','2024-07-01 09:27:33',11),(768,'TANKI BENSIN',68,'--',5,28,1,'2024-07-02',NULL,NULL,'2024-07-02 09:16:49','2024-07-02 09:16:49',0),(769,'KAP MESIN',1,'B 1880 ROE',10,28,1,'2024-07-02',NULL,NULL,'2024-07-02 09:20:04','2024-07-02 09:20:04',0),(770,'ENGSEL L',1,'B 1880 ROE',10,28,1,'2024-07-02',NULL,NULL,'2024-07-02 09:20:04','2024-07-02 09:20:04',0),(771,'ENGSEL R',1,'B 1880 ROE',10,28,1,'2024-07-02',NULL,NULL,'2024-07-02 09:20:04','2024-07-02 09:20:04',0),(772,'CROSSMEMBER FR',1,'B 1880 ROE',10,28,1,'2024-07-02',NULL,NULL,'2024-07-02 09:20:04','2024-07-02 09:20:04',0),(773,'TABUNG PIPA FILTER',1,'B 1880 ROE',10,28,1,'2024-07-02',NULL,NULL,'2024-07-02 09:20:04','2024-07-02 09:20:04',0),(774,'FILTER UDARA',1,'B 1880 ROE',10,28,1,'2024-07-02',NULL,NULL,'2024-07-02 09:20:04','2024-07-02 09:20:04',0),(775,'GRILLE AIR LH',1,'B 1880 ROE',10,28,1,'2024-07-02',NULL,NULL,'2024-07-02 09:20:04','2024-07-02 09:20:04',0),(776,'GRILLE AIR LH',1,'B 1880 ROE',10,28,1,'2024-07-02',NULL,NULL,'2024-07-02 09:20:04','2024-07-02 09:20:04',0),(777,'HEADLAMP LH',1,'B 1880 ROE',10,28,1,'2024-07-02',NULL,NULL,'2024-07-02 09:20:04','2024-07-02 09:20:04',0),(778,'LIST COVER FOGLAMP L',42,'B 2197 SBK',5,28,1,'2024-07-02',NULL,NULL,'2024-07-02 09:20:39','2024-07-02 09:20:39',0);
/*!40000 ALTER TABLE `parts` ENABLE KEYS */;
UNLOCK TABLES;

--
-- Table structure for table `password_reset_tokens`
--

DROP TABLE IF EXISTS `password_reset_tokens`;
/*!40101 SET @saved_cs_client     = @@character_set_client */;
/*!40101 SET character_set_client = utf8 */;
CREATE TABLE `password_reset_tokens` (
  `email` varchar(255) NOT NULL,
  `token` varchar(255) NOT NULL,
  `created_at` timestamp NULL DEFAULT NULL,
  PRIMARY KEY (`email`)
) ENGINE=InnoDB DEFAULT CHARSET=utf8mb4 COLLATE=utf8mb4_unicode_ci;
/*!40101 SET character_set_client = @saved_cs_client */;

--
-- Dumping data for table `password_reset_tokens`
--

LOCK TABLES `password_reset_tokens` WRITE;
/*!40000 ALTER TABLE `password_reset_tokens` DISABLE KEYS */;
/*!40000 ALTER TABLE `password_reset_tokens` ENABLE KEYS */;
UNLOCK TABLES;

--
-- Table structure for table `personal_access_tokens`
--

DROP TABLE IF EXISTS `personal_access_tokens`;
/*!40101 SET @saved_cs_client     = @@character_set_client */;
/*!40101 SET character_set_client = utf8 */;
CREATE TABLE `personal_access_tokens` (
  `id` bigint(20) unsigned NOT NULL AUTO_INCREMENT,
  `tokenable_type` varchar(255) NOT NULL,
  `tokenable_id` bigint(20) unsigned NOT NULL,
  `name` varchar(255) NOT NULL,
  `token` varchar(64) NOT NULL,
  `abilities` text DEFAULT NULL,
  `last_used_at` timestamp NULL DEFAULT NULL,
  `expires_at` timestamp NULL DEFAULT NULL,
  `created_at` timestamp NULL DEFAULT NULL,
  `updated_at` timestamp NULL DEFAULT NULL,
  PRIMARY KEY (`id`),
  UNIQUE KEY `personal_access_tokens_token_unique` (`token`),
  KEY `personal_access_tokens_tokenable_type_tokenable_id_index` (`tokenable_type`,`tokenable_id`)
) ENGINE=InnoDB DEFAULT CHARSET=utf8mb4 COLLATE=utf8mb4_unicode_ci;
/*!40101 SET character_set_client = @saved_cs_client */;

--
-- Dumping data for table `personal_access_tokens`
--

LOCK TABLES `personal_access_tokens` WRITE;
/*!40000 ALTER TABLE `personal_access_tokens` DISABLE KEYS */;
/*!40000 ALTER TABLE `personal_access_tokens` ENABLE KEYS */;
UNLOCK TABLES;

--
-- Table structure for table `statuses`
--

DROP TABLE IF EXISTS `statuses`;
/*!40101 SET @saved_cs_client     = @@character_set_client */;
/*!40101 SET character_set_client = utf8 */;
CREATE TABLE `statuses` (
  `id` bigint(20) unsigned NOT NULL AUTO_INCREMENT,
  `name` text NOT NULL,
  `created_at` timestamp NULL DEFAULT NULL,
  `updated_at` timestamp NULL DEFAULT NULL,
  PRIMARY KEY (`id`)
) ENGINE=InnoDB AUTO_INCREMENT=5 DEFAULT CHARSET=utf8mb4 COLLATE=utf8mb4_unicode_ci;
/*!40101 SET character_set_client = @saved_cs_client */;

--
-- Dumping data for table `statuses`
--

LOCK TABLES `statuses` WRITE;
/*!40000 ALTER TABLE `statuses` DISABLE KEYS */;
INSERT INTO `statuses` VALUES (1,'In stock',NULL,NULL),(2,'Out',NULL,NULL),(3,'',NULL,NULL);
/*!40000 ALTER TABLE `statuses` ENABLE KEYS */;
UNLOCK TABLES;

--
-- Table structure for table `suppliers`
--

DROP TABLE IF EXISTS `suppliers`;
/*!40101 SET @saved_cs_client     = @@character_set_client */;
/*!40101 SET character_set_client = utf8 */;
CREATE TABLE `suppliers` (
  `id` bigint(20) unsigned NOT NULL AUTO_INCREMENT,
  `name` text NOT NULL,
  `created_at` timestamp NULL DEFAULT NULL,
  `updated_at` timestamp NULL DEFAULT NULL,
  PRIMARY KEY (`id`)
) ENGINE=InnoDB AUTO_INCREMENT=41 DEFAULT CHARSET=utf8mb4 COLLATE=utf8mb4_unicode_ci;
/*!40101 SET character_set_client = @saved_cs_client */;

--
-- Dumping data for table `suppliers`
--

LOCK TABLES `suppliers` WRITE;
/*!40000 ALTER TABLE `suppliers` DISABLE KEYS */;
INSERT INTO `suppliers` VALUES (1,'Nicho Jaya',NULL,NULL),(2,'Nusantara / Oto sentosa',NULL,NULL),(3,'Surya Elang Mas',NULL,NULL),(4,'lainnya',NULL,NULL),(5,'Sarinah Jaya',NULL,NULL),(7,'Wira Utama',NULL,NULL),(8,'Tunas Motor',NULL,NULL),(9,'Delta Terus Jaya',NULL,NULL),(10,'Trijaya Motor',NULL,NULL),(11,'SJM',NULL,NULL),(12,'Rajawali',NULL,NULL),(13,'Garuda Totalindo',NULL,NULL),(14,'Putra Jaya',NULL,NULL),(15,'Champion',NULL,NULL),(16,'Surya Mas',NULL,NULL),(17,'Cahaya Putra',NULL,NULL),(18,'Auto Prima',NULL,NULL),(19,'Trisakti',NULL,NULL),(20,'Step Auto',NULL,NULL),(21,'Karya Abadi',NULL,NULL),(22,'Prioritas',NULL,NULL),(23,'Buana Sakti',NULL,NULL),(27,'Oto Citra Sentosa','2024-03-29 21:32:39','2024-03-29 21:32:39'),(28,'PJM','2024-04-02 02:07:18','2024-04-02 02:07:18'),(29,'Gallery Auto Part','2024-04-18 02:25:50','2024-04-18 02:25:50'),(30,'Cipta Sejahtera','2024-04-22 01:05:05','2024-04-22 01:05:05'),(31,'Duta Perkasa Jaya','2024-05-02 02:42:52','2024-05-02 02:42:52'),(32,'Autolook','2024-05-15 23:32:58','2024-05-15 23:32:58'),(33,'Persatuan Motor','2024-05-20 19:32:39','2024-05-20 19:32:39'),(38,'PD. Sumber Timur Jaya','2024-06-12 02:18:32','2024-06-12 02:18:32'),(39,'Wuling Maju M.','2024-06-21 09:43:04','2024-06-21 09:43:04'),(40,'Garuda Motor','2024-06-24 09:15:48','2024-06-24 09:15:48');
/*!40000 ALTER TABLE `suppliers` ENABLE KEYS */;
UNLOCK TABLES;

--
-- Table structure for table `tests`
--

DROP TABLE IF EXISTS `tests`;
/*!40101 SET @saved_cs_client     = @@character_set_client */;
/*!40101 SET character_set_client = utf8 */;
CREATE TABLE `tests` (
  `id` bigint(20) unsigned NOT NULL AUTO_INCREMENT,
  `name` text NOT NULL,
  `town` text NOT NULL,
  `created_at` timestamp NULL DEFAULT NULL,
  `updated_at` timestamp NULL DEFAULT NULL,
  PRIMARY KEY (`id`)
) ENGINE=InnoDB AUTO_INCREMENT=3 DEFAULT CHARSET=utf8mb4 COLLATE=utf8mb4_unicode_ci;
/*!40101 SET character_set_client = @saved_cs_client */;

--
-- Dumping data for table `tests`
--

LOCK TABLES `tests` WRITE;
/*!40000 ALTER TABLE `tests` DISABLE KEYS */;
INSERT INTO `tests` VALUES (1,'eeee','sssss','2024-03-18 20:32:55','2024-03-18 20:32:55'),(2,'qqqq','sssss','2024-03-18 20:32:55','2024-03-18 20:32:55');
/*!40000 ALTER TABLE `tests` ENABLE KEYS */;
UNLOCK TABLES;

--
-- Table structure for table `users`
--

DROP TABLE IF EXISTS `users`;
/*!40101 SET @saved_cs_client     = @@character_set_client */;
/*!40101 SET character_set_client = utf8 */;
CREATE TABLE `users` (
  `id` bigint(20) unsigned NOT NULL AUTO_INCREMENT,
  `name` varchar(255) NOT NULL,
  `email` varchar(255) NOT NULL,
  `email_verified_at` timestamp NULL DEFAULT NULL,
  `password` varchar(255) NOT NULL,
  `remember_token` varchar(100) DEFAULT NULL,
  `created_at` timestamp NULL DEFAULT NULL,
  `updated_at` timestamp NULL DEFAULT NULL,
  PRIMARY KEY (`id`),
  UNIQUE KEY `users_email_unique` (`email`)
) ENGINE=InnoDB AUTO_INCREMENT=2 DEFAULT CHARSET=utf8mb4 COLLATE=utf8mb4_unicode_ci;
/*!40101 SET character_set_client = @saved_cs_client */;

--
-- Dumping data for table `users`
--

LOCK TABLES `users` WRITE;
/*!40000 ALTER TABLE `users` DISABLE KEYS */;
INSERT INTO `users` VALUES (1,'Liefs User','liefs@liefs.com',NULL,'$2y$12$tUUJG5VkImB3gUB2WUMHL.gR6gdacHx/IUZhNb1ki/iEfcsBGLhhq',NULL,NULL,NULL);
/*!40000 ALTER TABLE `users` ENABLE KEYS */;
UNLOCK TABLES;
/*!40103 SET TIME_ZONE=@OLD_TIME_ZONE */;

/*!40101 SET SQL_MODE=@OLD_SQL_MODE */;
/*!40014 SET FOREIGN_KEY_CHECKS=@OLD_FOREIGN_KEY_CHECKS */;
/*!40014 SET UNIQUE_CHECKS=@OLD_UNIQUE_CHECKS */;
/*!40101 SET CHARACTER_SET_CLIENT=@OLD_CHARACTER_SET_CLIENT */;
/*!40101 SET CHARACTER_SET_RESULTS=@OLD_CHARACTER_SET_RESULTS */;
/*!40101 SET COLLATION_CONNECTION=@OLD_COLLATION_CONNECTION */;
/*!40111 SET SQL_NOTES=@OLD_SQL_NOTES */;

-- Dump completed on 2024-07-03 16:30:02
